ds,yhat,yhat_lower,yhat_upper,y,categorie,type
2025-07-01,61.1,-30.6,158.4,58.0,Accessoires,historique
2025-07-02,67.7,-18.0,166.2,43.0,Accessoires,historique
2025-07-03,60.5,-29.0,153.6,52.0,Accessoires,historique
2025-07-04,64.1,-26.6,155.7,64.0,Accessoires,historique
2025-07-05,71.7,-22.2,162.7,56.0,Accessoires,historique
2025-07-06,74.6,-21.5,171.1,64.0,Accessoires,historique
2025-07-07,78.7,-12.6,170.0,76.0,Accessoires,historique
2025-07-08,63.0,-31.3,161.7,78.0,Accessoires,historique
2025-07-09,69.6,-20.3,160.4,57.0,Accessoires,historique
2025-07-10,62.4,-27.3,147.3,61.0,Accessoires,historique
2025-07-11,66.0,-25.0,157.8,73.0,Accessoires,historique
2025-07-12,73.6,-16.5,167.1,61.0,Accessoires,historique
2025-07-13,76.5,-17.2,168.3,58.0,Accessoires,historique
2025-07-14,80.5,-23.0,169.0,73.0,Accessoires,historique
2025-07-15,64.9,-30.1,154.4,69.0,Accessoires,historique
2025-07-16,71.5,-29.8,161.4,68.0,Accessoires,historique
2025-07-17,64.3,-35.5,154.7,69.0,Accessoires,historique
2025-07-18,67.9,-24.4,163.1,64.0,Accessoires,historique
2025-07-19,75.5,-17.2,167.8,65.0,Accessoires,historique
2025-07-20,78.4,-13.6,173.5,72.0,Accessoires,historique
2025-07-21,82.4,-18.6,171.9,73.0,Accessoires,historique
2025-07-22,66.8,-26.7,159.7,58.0,Accessoires,historique
2025-07-23,73.4,-16.7,167.3,74.0,Accessoires,historique
2025-07-24,66.2,-36.0,154.9,72.0,Accessoires,historique
2025-07-25,69.8,-29.1,161.9,55.0,Accessoires,historique
2025-07-26,77.4,-23.8,171.9,64.0,Accessoires,historique
2025-07-27,80.3,-9.2,184.7,63.0,Accessoires,historique
2025-07-28,84.3,-6.4,177.4,74.0,Accessoires,historique
2025-07-29,68.7,-26.0,159.9,60.0,Accessoires,historique
2025-07-30,75.3,-22.0,166.7,66.0,Accessoires,historique
2025-07-31,68.1,-21.2,159.8,51.0,Accessoires,historique
2025-08-01,71.7,-29.4,164.8,54.0,Accessoires,historique
2025-08-02,79.3,-21.0,172.8,64.0,Accessoires,historique
2025-08-03,82.2,-11.2,173.3,57.0,Accessoires,historique
2025-08-04,86.2,-8.8,176.9,68.0,Accessoires,historique
2025-08-05,70.6,-23.1,169.0,64.0,Accessoires,historique
2025-08-06,77.2,-12.5,171.0,74.0,Accessoires,historique
2025-08-07,69.9,-20.7,169.1,64.0,Accessoires,historique
2025-08-08,73.6,-23.2,164.1,74.0,Accessoires,historique
2025-08-09,81.2,-11.4,170.2,63.0,Accessoires,historique
2025-08-10,84.1,-10.5,169.7,65.0,Accessoires,historique
2025-08-11,88.1,0.1,183.8,58.0,Accessoires,historique
2025-08-12,72.5,-22.9,162.4,56.0,Accessoires,historique
2025-08-13,79.0,-16.3,178.1,65.0,Accessoires,historique
2025-08-14,71.8,-20.5,164.5,57.0,Accessoires,historique
2025-08-15,75.5,-18.5,165.4,96.0,Accessoires,historique
2025-08-16,83.0,-12.9,178.9,55.0,Accessoires,historique
2025-08-17,86.0,-5.5,182.7,66.0,Accessoires,historique
2025-08-18,90.0,-0.9,183.6,62.0,Accessoires,historique
2025-08-19,74.4,-18.4,162.4,73.0,Accessoires,historique
2025-08-20,80.9,-15.7,180.1,70.0,Accessoires,historique
2025-08-21,73.7,-20.4,173.3,54.0,Accessoires,historique
2025-08-22,77.4,-21.7,177.8,76.0,Accessoires,historique
2025-08-23,84.9,-12.0,175.0,38.0,Accessoires,historique
2025-08-24,87.8,-6.9,184.2,70.0,Accessoires,historique
2025-08-25,91.9,-3.7,183.3,60.0,Accessoires,historique
2025-08-26,76.2,-12.3,171.1,71.0,Accessoires,historique
2025-08-27,82.8,-13.9,179.3,83.0,Accessoires,historique
2025-08-28,75.6,-19.0,170.0,54.0,Accessoires,historique
2025-08-29,79.2,-16.4,177.6,77.0,Accessoires,historique
2025-08-30,86.8,-6.0,177.8,89.0,Accessoires,historique
2025-08-31,89.7,-2.3,179.3,96.0,Accessoires,historique
2025-09-01,93.8,0.9,184.1,104.0,Accessoires,historique
2025-09-02,78.1,-14.0,168.0,131.0,Accessoires,historique
2025-09-03,84.7,-9.5,170.6,123.0,Accessoires,historique
2025-09-04,77.5,-10.2,174.2,126.0,Accessoires,historique
2025-09-05,81.1,-9.5,176.8,129.0,Accessoires,historique
2025-09-06,88.7,-3.7,186.4,108.0,Accessoires,historique
2025-09-07,91.6,0.9,187.0,109.0,Accessoires,historique
2025-09-08,95.6,5.7,188.4,141.0,Accessoires,historique
2025-09-09,80.0,-13.6,172.1,97.0,Accessoires,historique
2025-09-10,86.6,0.3,179.1,113.0,Accessoires,historique
2025-09-11,79.4,-16.0,162.9,83.0,Accessoires,historique
2025-09-12,83.0,-12.7,174.7,101.0,Accessoires,historique
2025-09-13,90.6,-0.9,178.8,119.0,Accessoires,historique
2025-09-14,93.5,-0.5,194.1,103.0,Accessoires,historique
2025-09-15,97.5,-0.2,196.7,91.0,Accessoires,historique
2025-09-16,81.9,-13.4,179.4,104.0,Accessoires,historique
2025-09-17,88.5,-0.0,176.7,94.0,Accessoires,historique
2025-09-18,81.3,-7.8,180.9,138.0,Accessoires,historique
2025-09-19,84.9,-8.4,174.9,117.0,Accessoires,historique
2025-09-20,92.5,-2.4,186.1,117.0,Accessoires,historique
2025-09-21,95.4,-2.9,190.1,137.0,Accessoires,historique
2025-09-22,99.4,4.6,189.8,114.0,Accessoires,historique
2025-09-23,83.8,-15.9,174.6,115.0,Accessoires,historique
2025-09-24,90.4,-3.1,190.9,139.0,Accessoires,historique
2025-09-25,83.1,-11.5,170.4,159.0,Accessoires,historique
2025-09-26,86.8,-5.0,179.0,94.0,Accessoires,historique
2025-09-27,94.4,-2.6,188.4,79.0,Accessoires,historique
2025-09-28,97.3,-0.8,193.1,97.0,Accessoires,historique
2025-09-29,101.3,4.2,187.0,124.0,Accessoires,historique
2025-09-30,85.7,-4.9,181.7,117.0,Accessoires,historique
2025-10-01,92.3,-1.5,192.9,68.0,Accessoires,historique
2025-10-02,85.0,-9.9,170.7,64.0,Accessoires,historique
2025-10-03,88.7,-4.4,179.1,61.0,Accessoires,historique
2025-10-04,96.3,8.3,191.4,69.0,Accessoires,historique
2025-10-05,99.2,2.7,196.0,51.0,Accessoires,historique
2025-10-06,103.2,10.8,191.6,66.0,Accessoires,historique
2025-10-07,87.6,-4.9,184.7,83.0,Accessoires,historique
2025-10-08,94.1,2.3,184.5,77.0,Accessoires,historique
2025-10-09,86.9,-7.7,183.9,66.0,Accessoires,historique
2025-10-10,90.6,3.9,180.6,135.0,Accessoires,historique
2025-10-11,98.1,8.9,194.1,199.0,Accessoires,historique
2025-10-12,101.1,6.8,198.4,149.0,Accessoires,historique
2025-10-13,105.1,6.1,200.1,172.0,Accessoires,historique
2025-10-14,89.4,-11.3,187.4,199.0,Accessoires,historique
2025-10-15,96.0,-0.0,188.6,184.0,Accessoires,historique
2025-10-16,88.8,-2.9,173.7,162.0,Accessoires,historique
2025-10-17,92.4,0.7,189.1,172.0,Accessoires,historique
2025-10-18,100.0,13.4,194.2,161.0,Accessoires,historique
2025-10-19,102.9,10.1,195.2,193.0,Accessoires,historique
2025-10-20,107.0,13.3,195.8,165.0,Accessoires,historique
2025-10-21,91.3,-1.9,189.5,72.0,Accessoires,historique
2025-10-22,97.9,4.2,183.6,79.0,Accessoires,historique
2025-10-23,90.7,-6.2,184.0,52.0,Accessoires,historique
2025-10-24,94.3,3.1,184.0,60.0,Accessoires,historique
2025-10-25,101.9,9.2,194.0,77.0,Accessoires,historique
2025-10-26,104.8,14.7,196.3,80.0,Accessoires,historique
2025-10-27,108.8,15.6,202.9,77.0,Accessoires,historique
2025-10-28,93.2,-4.4,183.5,78.0,Accessoires,historique
2025-10-29,99.8,10.0,191.3,77.0,Accessoires,historique
2025-10-30,92.6,-0.4,189.2,81.0,Accessoires,historique
2025-10-31,96.2,-2.6,193.4,69.0,Accessoires,historique
2025-11-01,103.8,5.8,191.8,60.0,Accessoires,historique
2025-11-02,106.7,12.5,205.4,60.0,Accessoires,historique
2025-11-03,110.7,14.9,200.6,86.0,Accessoires,historique
2025-11-04,95.1,0.4,191.3,54.0,Accessoires,historique
2025-11-05,101.7,9.7,192.4,74.0,Accessoires,historique
2025-11-06,94.5,-0.9,194.2,91.0,Accessoires,historique
2025-11-07,98.1,6.2,191.9,55.0,Accessoires,historique
2025-11-08,105.7,9.7,190.9,76.0,Accessoires,historique
2025-11-09,108.6,11.9,202.5,86.0,Accessoires,historique
2025-11-10,112.6,13.1,200.3,62.0,Accessoires,historique
2025-11-11,97.0,-1.7,185.4,85.0,Accessoires,historique
2025-11-12,103.6,12.9,195.0,114.0,Accessoires,historique
2025-11-13,96.4,9.5,184.6,96.0,Accessoires,historique
2025-11-14,100.0,6.9,188.4,74.0,Accessoires,historique
2025-11-15,107.6,10.2,201.5,73.0,Accessoires,historique
2025-11-16,110.5,18.9,203.5,84.0,Accessoires,historique
2025-11-17,114.5,16.9,211.3,72.0,Accessoires,historique
2025-11-18,98.9,6.2,184.2,90.0,Accessoires,historique
2025-11-19,105.5,14.6,202.2,69.0,Accessoires,historique
2025-11-20,98.2,7.2,192.2,91.0,Accessoires,historique
2025-11-21,101.9,8.2,197.0,76.0,Accessoires,historique
2025-11-22,109.5,7.1,204.4,71.0,Accessoires,historique
2025-11-23,112.4,20.5,207.6,82.0,Accessoires,historique
2025-11-24,116.4,22.7,211.9,291.0,Accessoires,historique
2025-11-25,100.8,4.4,191.1,219.0,Accessoires,historique
2025-11-26,107.4,15.7,206.0,276.0,Accessoires,historique
2025-11-27,100.1,11.7,188.2,245.0,Accessoires,historique
2025-11-28,103.8,12.2,200.3,271.0,Accessoires,historique
2025-11-29,111.4,13.5,205.4,242.0,Accessoires,historique
2025-11-30,114.3,26.9,209.7,241.0,Accessoires,historique
2025-12-01,118.3,24.8,211.1,77.0,Accessoires,historique
2025-12-02,102.7,8.2,198.7,58.0,Accessoires,historique
2025-12-03,109.2,13.4,205.1,82.0,Accessoires,historique
2025-12-04,102.0,6.8,194.6,78.0,Accessoires,historique
2025-12-05,105.7,15.7,198.8,72.0,Accessoires,historique
2025-12-06,113.2,21.1,204.4,91.0,Accessoires,historique
2025-12-07,116.2,20.2,207.1,70.0,Accessoires,historique
2025-12-08,120.2,25.6,212.6,59.0,Accessoires,historique
2025-12-09,104.5,9.4,198.1,74.0,Accessoires,historique
2025-12-10,111.1,19.2,200.3,77.0,Accessoires,historique
2025-12-11,103.9,11.3,202.6,65.0,Accessoires,historique
2025-12-12,107.5,10.3,206.8,87.0,Accessoires,historique
2025-12-13,115.1,23.0,208.2,68.0,Accessoires,historique
2025-12-14,118.0,24.4,210.6,67.0,Accessoires,historique
2025-12-15,122.1,28.9,209.8,135.0,Accessoires,historique
2025-12-16,106.4,18.1,197.7,148.0,Accessoires,historique
2025-12-17,113.0,19.0,204.4,104.0,Accessoires,historique
2025-12-18,105.8,11.9,200.9,147.0,Accessoires,historique
2025-12-19,109.4,12.0,195.3,155.0,Accessoires,historique
2025-12-20,117.0,25.9,213.0,166.0,Accessoires,historique
2025-12-21,119.9,29.1,218.3,159.0,Accessoires,historique
2025-12-22,123.9,31.6,222.3,129.0,Accessoires,historique
2025-12-23,108.3,11.4,200.8,160.0,Accessoires,historique
2025-12-24,114.9,20.6,207.4,163.0,Accessoires,historique
2025-12-25,107.7,17.1,206.3,157.0,Accessoires,historique
2025-12-26,111.3,11.6,206.4,169.0,Accessoires,historique
2025-12-27,118.9,29.7,208.5,161.0,Accessoires,historique
2025-12-28,121.8,26.5,219.6,176.0,Accessoires,historique
2025-12-29,125.8,27.0,221.0,154.0,Accessoires,historique
2025-12-30,110.2,17.1,196.6,151.0,Accessoires,historique
2025-12-31,116.8,22.3,208.6,188.0,Accessoires,historique
2026-01-01,109.6,23.3,201.4,76.0,Accessoires,historique
2026-01-02,113.2,14.5,206.2,86.0,Accessoires,historique
2026-01-03,120.8,19.4,220.2,76.0,Accessoires,historique
2026-01-04,123.7,31.4,222.8,82.0,Accessoires,historique
2026-01-05,127.8,34.1,224.5,68.0,Accessoires,historique
2026-01-06,112.2,21.3,209.0,79.0,Accessoires,historique
2026-01-07,118.8,23.6,216.8,92.0,Accessoires,historique
2026-01-08,111.6,24.4,209.1,72.0,Accessoires,historique
2026-01-09,115.2,14.7,208.2,95.0,Accessoires,historique
2026-01-10,122.9,25.1,216.2,121.0,Accessoires,historique
2026-01-11,125.8,28.9,215.0,103.0,Accessoires,historique
2026-01-12,129.8,31.3,218.4,72.0,Accessoires,historique
2026-01-13,114.2,13.7,203.8,75.0,Accessoires,historique
2026-01-14,120.8,30.8,219.8,94.0,Accessoires,historique
2026-01-15,113.6,18.0,202.7,80.0,Accessoires,historique
2026-01-16,117.4,25.7,203.6,95.0,Accessoires,historique
2026-01-17,125.0,34.2,223.1,82.0,Accessoires,historique
2026-01-18,128.0,37.2,219.2,86.0,Accessoires,historique
2026-01-19,132.1,42.5,223.6,76.0,Accessoires,historique
2026-01-20,116.5,19.7,211.0,74.0,Accessoires,historique
2026-01-21,123.2,33.1,212.6,75.0,Accessoires,historique
2026-01-22,116.0,27.1,207.4,106.0,Accessoires,historique
2026-01-23,119.7,25.5,210.9,85.0,Accessoires,historique
2026-01-24,127.4,38.5,224.1,73.0,Accessoires,historique
2026-01-25,130.4,30.6,223.5,98.0,Accessoires,historique
2026-01-26,134.4,48.3,228.1,94.0,Accessoires,historique
2026-01-27,118.9,29.1,210.8,81.0,Accessoires,historique
2026-01-28,125.6,35.6,222.2,76.0,Accessoires,historique
2026-01-29,118.5,24.7,212.4,94.0,Accessoires,historique
2026-01-30,122.3,22.8,213.5,104.0,Accessoires,historique
2026-01-31,130.0,36.2,224.5,75.0,Accessoires,historique
2026-02-01,133.0,42.1,227.1,93.0,Accessoires,historique
2026-02-02,137.1,42.8,234.3,95.0,Accessoires,historique
2026-02-03,121.6,31.1,222.4,79.0,Accessoires,historique
2026-02-04,128.3,32.9,223.6,83.0,Accessoires,historique
2026-02-05,121.2,28.6,211.3,96.0,Accessoires,historique
2026-02-06,125.0,33.7,221.4,89.0,Accessoires,historique
2026-02-07,132.7,35.6,223.0,95.0,Accessoires,historique
2026-02-08,135.8,44.8,231.4,106.0,Accessoires,historique
2026-02-09,140.0,45.9,225.1,65.0,Accessoires,historique
2026-02-10,124.5,32.8,215.5,278.0,Accessoires,historique
2026-02-11,131.3,44.2,228.5,317.0,Accessoires,historique
2026-02-12,124.2,27.6,221.1,258.0,Accessoires,historique
2026-02-13,128.0,37.0,229.6,293.0,Accessoires,historique
2026-02-14,135.8,52.8,227.3,281.0,Accessoires,historique
2026-02-15,138.9,43.3,230.2,276.0,Accessoires,historique
2026-02-16,143.1,51.4,235.2,258.0,Accessoires,historique
2026-02-17,127.6,35.8,224.8,97.0,Accessoires,historique
2026-02-18,134.4,45.8,231.5,96.0,Accessoires,historique
2026-02-19,127.3,35.6,219.6,105.0,Accessoires,historique
2026-02-20,131.2,32.4,220.8,75.0,Accessoires,historique
2026-02-21,139.0,47.8,231.4,107.0,Accessoires,historique
2026-02-22,142.1,46.3,238.5,86.0,Accessoires,historique
2026-02-23,146.3,47.0,247.0,96.0,Accessoires,historique
2026-02-24,130.9,44.8,221.5,86.0,Accessoires,historique
2026-02-25,137.7,47.9,230.5,94.0,Accessoires,historique
2026-02-26,130.7,35.8,226.6,107.0,Accessoires,historique
2026-02-27,134.6,39.8,227.2,86.0,Accessoires,historique
2026-02-28,142.4,55.2,235.7,78.0,Accessoires,historique
2026-03-01,145.5,55.4,239.4,95.0,Accessoires,historique
2026-03-02,149.8,61.0,247.3,84.0,Accessoires,historique
2026-03-03,134.4,34.5,232.0,95.0,Accessoires,historique
2026-03-04,141.3,50.3,235.2,87.0,Accessoires,historique
2026-03-05,134.3,40.9,227.3,91.0,Accessoires,historique
2026-03-06,138.2,41.3,232.3,89.0,Accessoires,historique
2026-03-07,146.1,53.3,243.5,98.0,Accessoires,historique
2026-03-08,149.2,53.5,237.4,95.0,Accessoires,historique
2026-03-09,153.5,54.3,245.6,77.0,Accessoires,historique
2026-03-10,138.2,52.2,231.0,96.0,Accessoires,historique
2026-03-11,145.0,53.8,230.7,113.0,Accessoires,historique
2026-03-12,138.1,50.8,234.3,89.0,Accessoires,historique
2026-03-13,142.0,48.5,241.1,86.0,Accessoires,historique
2026-03-14,149.8,53.9,248.6,101.0,Accessoires,historique
2026-03-15,153.1,58.2,250.0,128.0,Accessoires,historique
2026-03-16,157.4,58.7,256.1,85.0,Accessoires,historique
2026-03-17,142.1,46.5,234.4,118.0,Accessoires,historique
2026-03-18,148.9,51.5,243.4,289.0,Accessoires,historique
2026-03-19,142.0,49.6,233.8,257.0,Accessoires,historique
2026-03-20,146.0,56.9,243.4,299.0,Accessoires,historique
2026-03-21,153.9,62.7,252.0,293.0,Accessoires,historique
2026-03-22,157.1,64.5,252.3,272.0,Accessoires,historique
2026-03-23,161.4,71.8,257.7,295.0,Accessoires,historique
2026-03-24,146.1,60.1,237.4,290.0,Accessoires,historique
2026-03-25,153.0,57.8,251.8,267.0,Accessoires,historique
2026-03-26,146.1,52.3,242.6,101.0,Accessoires,historique
2026-03-27,150.0,58.5,246.5,89.0,Accessoires,historique
2026-03-28,158.0,63.1,253.9,89.0,Accessoires,historique
2026-03-29,161.2,72.2,258.6,106.0,Accessoires,historique
2026-03-30,165.5,71.9,258.1,115.0,Accessoires,historique
2026-03-31,150.2,65.6,245.5,86.0,Accessoires,historique
2026-04-01,157.2,60.6,247.7,302.0,Accessoires,historique
2026-04-02,150.3,63.2,239.0,292.0,Accessoires,historique
2026-04-03,154.2,60.3,246.8,329.0,Accessoires,historique
2026-04-04,162.1,59.2,249.8,309.0,Accessoires,historique
2026-04-05,165.4,74.9,257.8,333.0,Accessoires,historique
2026-04-06,169.7,80.2,265.9,326.0,Accessoires,historique
2026-04-07,154.5,57.2,241.7,306.0,Accessoires,historique
2026-04-08,161.4,74.2,256.9,104.0,Accessoires,historique
2026-04-09,154.5,55.8,239.3,116.0,Accessoires,historique
2026-04-10,158.5,67.4,249.7,102.0,Accessoires,historique
2026-04-11,166.4,67.2,260.8,110.0,Accessoires,historique
2026-04-12,169.7,77.1,258.6,111.0,Accessoires,historique
2026-04-13,174.1,71.3,262.7,110.0,Accessoires,historique
2026-04-14,158.8,69.2,254.1,92.0,Accessoires,historique
2026-04-15,165.7,71.7,262.2,85.0,Accessoires,historique
2026-04-16,158.9,68.3,255.2,108.0,Accessoires,historique
2026-04-17,162.9,69.3,252.2,110.0,Accessoires,historique
2026-04-18,170.8,79.3,264.4,106.0,Accessoires,historique
2026-04-19,174.1,84.7,268.6,111.0,Accessoires,historique
2026-04-20,178.5,84.9,275.8,110.0,Accessoires,historique
2026-04-21,163.3,66.1,253.3,122.0,Accessoires,historique
2026-04-22,170.2,83.9,271.6,137.0,Accessoires,historique
2026-04-23,163.4,71.8,259.1,130.0,Accessoires,historique
2026-04-24,167.4,71.6,265.4,101.0,Accessoires,historique
2026-04-25,175.4,81.7,265.4,130.0,Accessoires,historique
2026-04-26,178.7,92.8,270.0,112.0,Accessoires,historique
2026-04-27,183.1,89.4,271.2,112.0,Accessoires,historique
2026-04-28,167.9,68.8,259.8,77.0,Accessoires,historique
2026-04-29,174.9,83.0,264.5,109.0,Accessoires,historique
2026-04-30,168.0,69.6,265.8,114.0,Accessoires,historique
2026-05-01,172.1,77.2,266.2,104.0,Accessoires,historique
2026-05-02,180.0,88.7,275.6,150.0,Accessoires,historique
2026-05-03,183.3,83.0,273.9,113.0,Accessoires,historique
2026-05-04,187.7,91.1,282.7,131.0,Accessoires,historique
2026-05-05,172.5,83.0,272.6,131.0,Accessoires,historique
2026-05-06,179.5,85.7,263.4,112.0,Accessoires,historique
2026-05-07,172.7,69.2,271.6,131.0,Accessoires,historique
2026-05-08,176.7,88.0,268.5,107.0,Accessoires,historique
2026-05-09,184.7,97.6,283.6,124.0,Accessoires,historique
2026-05-10,188.0,95.5,276.4,127.0,Accessoires,historique
2026-05-11,192.4,104.5,288.1,152.0,Accessoires,historique
2026-05-12,177.1,82.5,267.9,100.0,Accessoires,historique
2026-05-13,184.1,87.8,274.5,96.0,Accessoires,historique
2026-05-14,177.3,83.2,266.8,111.0,Accessoires,historique
2026-05-15,181.3,90.7,271.9,123.0,Accessoires,historique
2026-05-16,189.3,98.7,281.8,138.0,Accessoires,historique
2026-05-17,192.6,103.8,284.0,121.0,Accessoires,historique
2026-05-18,197.0,106.0,289.7,127.0,Accessoires,historique
2026-05-19,181.7,91.6,280.3,159.0,Accessoires,historique
2026-05-20,188.7,89.5,276.9,126.0,Accessoires,historique
2026-05-21,181.9,85.4,276.0,94.0,Accessoires,historique
2026-05-22,185.9,85.6,280.3,124.0,Accessoires,historique
2026-05-23,193.9,95.8,291.3,151.0,Accessoires,historique
2026-05-24,197.2,107.7,286.4,143.0,Accessoires,historique
2026-05-25,201.6,108.8,293.3,243.0,Accessoires,historique
2026-05-26,186.4,97.7,287.7,288.0,Accessoires,historique
2026-05-27,193.3,97.6,292.5,240.0,Accessoires,historique
2026-05-28,186.5,89.2,278.0,249.0,Accessoires,historique
2026-05-29,190.5,100.8,290.0,289.0,Accessoires,historique
2026-05-30,198.5,103.3,296.6,249.0,Accessoires,historique
2026-05-31,201.8,109.6,289.9,267.0,Accessoires,historique
2026-06-01,206.2,112.1,301.4,302.0,Accessoires,historique
2026-06-02,191.0,97.9,286.4,247.0,Accessoires,historique
2026-06-03,198.0,109.5,295.4,285.0,Accessoires,historique
2026-06-04,191.1,100.4,282.4,259.0,Accessoires,historique
2026-06-05,195.2,98.9,288.8,277.0,Accessoires,historique
2026-06-06,203.1,104.7,295.5,155.0,Accessoires,historique
2026-06-07,206.4,111.8,302.2,145.0,Accessoires,historique
2026-06-08,210.8,122.1,303.8,167.0,Accessoires,historique
2026-06-09,195.6,106.1,287.2,175.0,Accessoires,historique
2026-06-10,202.6,110.6,300.8,166.0,Accessoires,historique
2026-06-11,195.8,103.6,295.4,162.0,Accessoires,historique
2026-06-12,199.8,104.8,297.4,145.0,Accessoires,historique
2026-06-13,207.8,113.6,297.6,151.0,Accessoires,historique
2026-06-14,211.1,116.3,304.5,180.0,Accessoires,historique
2026-06-15,215.5,119.4,306.2,171.0,Accessoires,historique
2026-06-16,200.2,110.4,296.6,193.0,Accessoires,historique
2026-06-17,207.2,113.1,306.8,168.0,Accessoires,historique
2026-06-18,200.4,111.9,293.2,183.0,Accessoires,historique
2026-06-19,204.4,102.8,301.3,182.0,Accessoires,historique
2026-06-20,212.4,122.3,308.7,672.0,Accessoires,historique
2026-06-21,215.7,122.8,305.0,717.0,Accessoires,historique
2026-06-22,220.1,124.1,311.8,690.0,Accessoires,historique
2026-06-23,204.8,110.3,301.5,196.0,Accessoires,historique
2026-06-24,211.8,118.9,301.2,180.0,Accessoires,historique
2026-06-25,205.0,113.1,296.2,206.0,Accessoires,historique
2026-06-26,209.0,115.9,304.5,226.0,Accessoires,historique
2026-06-27,217.0,121.2,306.1,219.0,Accessoires,historique
2026-06-28,220.3,126.0,315.0,224.0,Accessoires,historique
2026-06-29,224.7,125.1,314.6,319.0,Accessoires,historique
2026-06-30,209.5,120.6,297.5,109.0,Accessoires,historique
2026-07-01,216.4,121.0,307.1,,Accessoires,prevision
2026-07-02,209.6,111.8,301.0,,Accessoires,prevision
2026-07-03,213.6,121.5,313.9,,Accessoires,prevision
2026-07-04,221.6,126.7,313.5,,Accessoires,prevision
2026-07-05,224.9,132.6,319.9,,Accessoires,prevision
2026-07-06,229.3,138.7,317.5,,Accessoires,prevision
2026-07-07,214.1,113.9,310.4,,Accessoires,prevision
2026-07-08,221.1,131.0,313.8,,Accessoires,prevision
2026-07-09,214.2,126.2,305.3,,Accessoires,prevision
2026-07-10,218.3,117.6,311.0,,Accessoires,prevision
2026-07-11,226.2,133.6,325.2,,Accessoires,prevision
2026-07-12,229.5,143.2,324.3,,Accessoires,prevision
2026-07-13,233.9,143.1,327.7,,Accessoires,prevision
2026-07-14,218.7,126.0,305.4,,Accessoires,prevision
2026-07-15,225.7,128.9,328.1,,Accessoires,prevision
2026-07-16,218.9,125.0,311.9,,Accessoires,prevision
2026-07-17,222.9,132.2,315.2,,Accessoires,prevision
2026-07-18,230.9,136.1,325.4,,Accessoires,prevision
2026-07-19,234.2,137.7,323.6,,Accessoires,prevision
2026-07-20,238.6,145.1,333.5,,Accessoires,prevision
2026-07-21,223.3,137.4,315.2,,Accessoires,prevision
2026-07-22,230.3,133.0,324.8,,Accessoires,prevision
2026-07-23,223.5,124.9,322.2,,Accessoires,prevision
2026-07-24,227.5,139.6,317.7,,Accessoires,prevision
2026-07-25,235.5,144.7,333.7,,Accessoires,prevision
2026-07-26,238.8,140.0,333.2,,Accessoires,prevision
2026-07-27,243.2,152.2,336.2,,Accessoires,prevision
2026-07-28,227.9,137.4,326.2,,Accessoires,prevision
2026-07-29,234.9,136.9,328.5,,Accessoires,prevision
2026-07-30,228.1,132.6,322.0,,Accessoires,prevision
2025-07-01,30.8,-19.4,81.9,30.0,Audio,historique
2025-07-02,34.6,-16.5,80.0,37.0,Audio,historique
2025-07-03,30.8,-18.0,75.2,23.0,Audio,historique
2025-07-04,32.9,-16.5,79.5,37.0,Audio,historique
2025-07-05,34.4,-12.5,84.7,31.0,Audio,historique
2025-07-06,35.2,-17.6,87.6,31.0,Audio,historique
2025-07-07,36.6,-14.8,88.5,27.0,Audio,historique
2025-07-08,31.8,-18.4,83.0,49.0,Audio,historique
2025-07-09,35.6,-10.1,85.3,47.0,Audio,historique
2025-07-10,31.8,-21.5,80.9,40.0,Audio,historique
2025-07-11,33.9,-13.6,82.9,26.0,Audio,historique
2025-07-12,35.4,-15.2,81.2,37.0,Audio,historique
2025-07-13,36.2,-11.7,82.2,24.0,Audio,historique
2025-07-14,37.6,-11.1,89.9,17.0,Audio,historique
2025-07-15,32.8,-21.1,85.3,31.0,Audio,historique
2025-07-16,36.6,-15.0,88.3,39.0,Audio,historique
2025-07-17,32.8,-15.0,82.5,40.0,Audio,historique
2025-07-18,34.9,-15.1,82.8,30.0,Audio,historique
2025-07-19,36.3,-14.2,86.3,24.0,Audio,historique
2025-07-20,37.1,-14.4,90.4,39.0,Audio,historique
2025-07-21,38.6,-10.5,90.6,45.0,Audio,historique
2025-07-22,33.7,-15.3,82.7,37.0,Audio,historique
2025-07-23,37.6,-10.6,90.2,40.0,Audio,historique
2025-07-24,33.8,-16.5,82.1,33.0,Audio,historique
2025-07-25,35.8,-17.5,83.9,37.0,Audio,historique
2025-07-26,37.3,-13.2,85.9,41.0,Audio,historique
2025-07-27,38.1,-12.0,83.1,27.0,Audio,historique
2025-07-28,39.6,-12.2,89.5,31.0,Audio,historique
2025-07-29,34.7,-12.0,87.5,25.0,Audio,historique
2025-07-30,38.5,-12.7,85.7,41.0,Audio,historique
2025-07-31,34.7,-13.1,82.0,33.0,Audio,historique
2025-08-01,36.8,-11.5,85.7,21.0,Audio,historique
2025-08-02,38.3,-10.4,85.1,20.0,Audio,historique
2025-08-03,39.1,-10.3,90.6,40.0,Audio,historique
2025-08-04,40.6,-8.1,88.4,24.0,Audio,historique
2025-08-05,35.7,-15.1,86.9,27.0,Audio,historique
2025-08-06,39.5,-9.7,87.8,35.0,Audio,historique
2025-08-07,35.7,-10.5,88.7,32.0,Audio,historique
2025-08-08,37.8,-9.8,85.8,44.0,Audio,historique
2025-08-09,39.3,-6.6,91.1,13.0,Audio,historique
2025-08-10,40.1,-12.3,92.5,47.0,Audio,historique
2025-08-11,41.5,-6.3,98.6,28.0,Audio,historique
2025-08-12,36.7,-14.0,85.9,37.0,Audio,historique
2025-08-13,40.5,-10.3,90.3,36.0,Audio,historique
2025-08-14,36.7,-9.1,84.5,28.0,Audio,historique
2025-08-15,38.8,-11.1,84.9,27.0,Audio,historique
2025-08-16,40.2,-7.1,88.7,21.0,Audio,historique
2025-08-17,41.0,-8.2,87.4,35.0,Audio,historique
2025-08-18,42.5,-7.4,93.9,29.0,Audio,historique
2025-08-19,37.6,-12.8,86.9,26.0,Audio,historique
2025-08-20,41.5,-8.3,90.2,36.0,Audio,historique
2025-08-21,37.7,-9.7,83.0,33.0,Audio,historique
2025-08-22,39.8,-10.4,90.7,35.0,Audio,historique
2025-08-23,41.2,-6.5,88.1,30.0,Audio,historique
2025-08-24,42.0,-9.2,91.9,40.0,Audio,historique
2025-08-25,43.5,-5.5,92.0,51.0,Audio,historique
2025-08-26,38.6,-10.4,88.7,25.0,Audio,historique
2025-08-27,42.5,-6.3,84.8,38.0,Audio,historique
2025-08-28,38.6,-11.9,86.0,47.0,Audio,historique
2025-08-29,40.7,-8.1,88.5,34.0,Audio,historique
2025-08-30,42.2,-9.3,89.8,30.0,Audio,historique
2025-08-31,43.0,-9.7,91.7,32.0,Audio,historique
2025-09-01,44.5,-4.7,89.8,49.0,Audio,historique
2025-09-02,39.6,-12.8,89.1,64.0,Audio,historique
2025-09-03,43.4,-8.3,92.4,58.0,Audio,historique
2025-09-04,39.6,-10.4,88.2,62.0,Audio,historique
2025-09-05,41.7,-4.6,91.4,37.0,Audio,historique
2025-09-06,43.2,-7.2,93.1,57.0,Audio,historique
2025-09-07,44.0,-6.1,92.1,53.0,Audio,historique
2025-09-08,45.4,-3.2,95.1,48.0,Audio,historique
2025-09-09,40.6,-5.9,94.6,48.0,Audio,historique
2025-09-10,44.4,-1.8,93.1,50.0,Audio,historique
2025-09-11,40.6,-9.0,88.6,58.0,Audio,historique
2025-09-12,42.7,-7.5,92.3,49.0,Audio,historique
2025-09-13,44.1,-4.4,96.5,52.0,Audio,historique
2025-09-14,45.0,-5.6,91.3,65.0,Audio,historique
2025-09-15,46.4,0.8,94.3,50.0,Audio,historique
2025-09-16,41.5,-6.1,90.8,50.0,Audio,historique
2025-09-17,45.4,-3.9,94.7,64.0,Audio,historique
2025-09-18,41.6,-11.9,88.8,61.0,Audio,historique
2025-09-19,43.7,-11.6,93.3,55.0,Audio,historique
2025-09-20,45.1,-4.4,96.1,45.0,Audio,historique
2025-09-21,45.9,-4.4,94.5,59.0,Audio,historique
2025-09-22,47.4,0.3,95.8,55.0,Audio,historique
2025-09-23,42.5,-7.5,92.7,39.0,Audio,historique
2025-09-24,46.4,-2.1,92.7,45.0,Audio,historique
2025-09-25,42.6,-6.7,92.2,48.0,Audio,historique
2025-09-26,44.6,-5.3,92.8,59.0,Audio,historique
2025-09-27,46.1,-4.5,92.1,52.0,Audio,historique
2025-09-28,46.9,-0.6,96.2,61.0,Audio,historique
2025-09-29,48.4,1.0,100.6,83.0,Audio,historique
2025-09-30,43.5,-5.3,89.8,46.0,Audio,historique
2025-10-01,47.3,-3.1,95.3,28.0,Audio,historique
2025-10-02,43.5,-3.6,94.8,37.0,Audio,historique
2025-10-03,45.6,-1.2,97.4,32.0,Audio,historique
2025-10-04,47.1,-5.7,96.9,32.0,Audio,historique
2025-10-05,47.9,-1.0,97.5,27.0,Audio,historique
2025-10-06,49.4,0.9,99.5,23.0,Audio,historique
2025-10-07,44.5,-6.2,93.4,41.0,Audio,historique
2025-10-08,48.3,-3.0,98.8,38.0,Audio,historique
2025-10-09,44.5,-5.5,96.6,30.0,Audio,historique
2025-10-10,46.6,-3.5,98.6,89.0,Audio,historique
2025-10-11,48.1,-2.3,99.4,64.0,Audio,historique
2025-10-12,48.9,-0.1,97.7,82.0,Audio,historique
2025-10-13,50.3,2.1,99.3,94.0,Audio,historique
2025-10-14,45.5,-3.5,97.6,81.0,Audio,historique
2025-10-15,49.3,1.8,101.7,99.0,Audio,historique
2025-10-16,45.5,-0.8,94.4,93.0,Audio,historique
2025-10-17,47.6,-4.1,98.9,98.0,Audio,historique
2025-10-18,49.0,-0.1,97.8,86.0,Audio,historique
2025-10-19,49.8,1.1,98.6,126.0,Audio,historique
2025-10-20,51.3,0.9,100.5,82.0,Audio,historique
2025-10-21,46.4,-1.4,101.4,29.0,Audio,historique
2025-10-22,50.3,3.1,101.5,30.0,Audio,historique
2025-10-23,46.5,-1.6,99.6,29.0,Audio,historique
2025-10-24,48.5,-7.8,98.3,33.0,Audio,historique
2025-10-25,50.0,1.6,103.6,21.0,Audio,historique
2025-10-26,50.8,1.0,102.5,31.0,Audio,historique
2025-10-27,52.3,1.7,99.3,23.0,Audio,historique
2025-10-28,47.4,-1.5,97.5,42.0,Audio,historique
2025-10-29,51.2,3.1,98.3,31.0,Audio,historique
2025-10-30,47.4,-4.8,95.0,41.0,Audio,historique
2025-10-31,49.5,4.5,99.7,30.0,Audio,historique
2025-11-01,51.0,-1.2,98.4,24.0,Audio,historique
2025-11-02,51.8,1.6,101.2,23.0,Audio,historique
2025-11-03,53.3,6.0,103.5,30.0,Audio,historique
2025-11-04,48.4,-1.3,102.9,50.0,Audio,historique
2025-11-05,52.2,3.1,100.8,26.0,Audio,historique
2025-11-06,48.4,-2.8,96.1,28.0,Audio,historique
2025-11-07,50.5,2.4,101.6,23.0,Audio,historique
2025-11-08,52.0,2.8,99.9,18.0,Audio,historique
2025-11-09,52.8,4.1,100.4,31.0,Audio,historique
2025-11-10,54.2,4.4,103.9,37.0,Audio,historique
2025-11-11,49.4,6.0,98.6,52.0,Audio,historique
2025-11-12,53.2,7.0,105.0,50.0,Audio,historique
2025-11-13,49.4,-2.2,99.8,45.0,Audio,historique
2025-11-14,51.5,2.5,101.6,38.0,Audio,historique
2025-11-15,52.9,6.5,101.5,37.0,Audio,historique
2025-11-16,53.7,4.5,104.0,40.0,Audio,historique
2025-11-17,55.2,4.1,104.5,39.0,Audio,historique
2025-11-18,50.3,-2.1,96.7,38.0,Audio,historique
2025-11-19,54.2,3.9,104.2,34.0,Audio,historique
2025-11-20,50.4,1.0,98.2,44.0,Audio,historique
2025-11-21,52.5,6.3,103.6,51.0,Audio,historique
2025-11-22,53.9,4.4,99.4,52.0,Audio,historique
2025-11-23,54.7,6.8,104.8,34.0,Audio,historique
2025-11-24,56.2,7.0,106.0,121.0,Audio,historique
2025-11-25,51.3,-1.6,96.6,153.0,Audio,historique
2025-11-26,55.2,7.5,105.1,138.0,Audio,historique
2025-11-27,51.3,0.8,101.0,130.0,Audio,historique
2025-11-28,53.4,6.3,100.4,149.0,Audio,historique
2025-11-29,54.9,5.3,106.1,137.0,Audio,historique
2025-11-30,55.7,1.8,103.0,114.0,Audio,historique
2025-12-01,57.2,10.1,106.9,36.0,Audio,historique
2025-12-02,52.3,6.4,99.7,55.0,Audio,historique
2025-12-03,56.1,8.8,106.6,40.0,Audio,historique
2025-12-04,52.3,3.6,101.6,32.0,Audio,historique
2025-12-05,54.4,7.4,100.2,61.0,Audio,historique
2025-12-06,55.9,6.1,106.3,46.0,Audio,historique
2025-12-07,56.7,8.3,107.4,23.0,Audio,historique
2025-12-08,58.1,7.4,106.7,36.0,Audio,historique
2025-12-09,53.3,1.5,105.0,50.0,Audio,historique
2025-12-10,57.1,7.4,103.5,45.0,Audio,historique
2025-12-11,53.3,5.3,100.6,25.0,Audio,historique
2025-12-12,55.4,4.3,107.8,40.0,Audio,historique
2025-12-13,56.8,4.9,107.3,45.0,Audio,historique
2025-12-14,57.7,7.0,107.2,23.0,Audio,historique
2025-12-15,59.1,10.5,109.7,85.0,Audio,historique
2025-12-16,54.3,3.9,103.5,61.0,Audio,historique
2025-12-17,58.1,8.8,106.2,100.0,Audio,historique
2025-12-18,54.3,6.2,103.8,115.0,Audio,historique
2025-12-19,56.4,6.0,104.7,76.0,Audio,historique
2025-12-20,57.8,8.4,105.4,81.0,Audio,historique
2025-12-21,58.6,11.6,108.5,84.0,Audio,historique
2025-12-22,60.1,11.0,111.9,74.0,Audio,historique
2025-12-23,55.2,2.2,107.0,61.0,Audio,historique
2025-12-24,59.1,6.6,106.1,97.0,Audio,historique
2025-12-25,55.3,3.8,103.2,60.0,Audio,historique
2025-12-26,57.3,8.0,109.7,71.0,Audio,historique
2025-12-27,58.8,7.6,108.1,111.0,Audio,historique
2025-12-28,59.6,13.2,112.4,80.0,Audio,historique
2025-12-29,61.1,12.1,113.2,70.0,Audio,historique
2025-12-30,56.2,4.4,105.2,90.0,Audio,historique
2025-12-31,60.0,9.6,109.5,69.0,Audio,historique
2026-01-01,56.2,6.4,105.0,44.0,Audio,historique
2026-01-02,58.3,8.6,110.2,48.0,Audio,historique
2026-01-03,59.8,13.4,113.4,38.0,Audio,historique
2026-01-04,60.6,11.8,113.5,48.0,Audio,historique
2026-01-05,62.1,17.0,108.7,41.0,Audio,historique
2026-01-06,57.2,8.6,106.0,53.0,Audio,historique
2026-01-07,61.1,10.6,111.4,46.0,Audio,historique
2026-01-08,57.3,7.7,106.2,41.0,Audio,historique
2026-01-09,59.4,9.5,109.9,35.0,Audio,historique
2026-01-10,60.8,10.2,108.8,56.0,Audio,historique
2026-01-11,61.7,14.2,110.6,48.0,Audio,historique
2026-01-12,63.1,14.3,111.1,34.0,Audio,historique
2026-01-13,58.3,8.4,110.9,46.0,Audio,historique
2026-01-14,62.1,12.1,110.2,52.0,Audio,historique
2026-01-15,58.3,10.1,109.6,43.0,Audio,historique
2026-01-16,60.4,10.6,110.7,50.0,Audio,historique
2026-01-17,61.9,12.5,112.1,29.0,Audio,historique
2026-01-18,62.8,11.9,111.6,44.0,Audio,historique
2026-01-19,64.3,17.6,113.4,42.0,Audio,historique
2026-01-20,59.5,9.7,110.4,29.0,Audio,historique
2026-01-21,63.3,14.3,109.3,42.0,Audio,historique
2026-01-22,59.6,12.0,107.7,31.0,Audio,historique
2026-01-23,61.7,10.7,110.9,46.0,Audio,historique
2026-01-24,63.2,14.4,114.1,38.0,Audio,historique
2026-01-25,64.0,14.7,113.3,31.0,Audio,historique
2026-01-26,65.5,16.0,115.5,52.0,Audio,historique
2026-01-27,60.7,12.7,106.7,40.0,Audio,historique
2026-01-28,64.6,16.5,111.9,49.0,Audio,historique
2026-01-29,60.8,12.2,109.1,36.0,Audio,historique
2026-01-30,63.0,13.8,111.2,47.0,Audio,historique
2026-01-31,64.5,17.4,112.5,46.0,Audio,historique
2026-02-01,65.4,12.9,112.7,28.0,Audio,historique
2026-02-02,66.9,15.9,114.1,35.0,Audio,historique
2026-02-03,62.1,10.3,111.0,35.0,Audio,historique
2026-02-04,66.0,12.8,114.3,54.0,Audio,historique
2026-02-05,62.3,12.9,112.4,60.0,Audio,historique
2026-02-06,64.4,19.2,111.6,41.0,Audio,historique
2026-02-07,65.9,17.1,115.7,51.0,Audio,historique
2026-02-08,66.8,20.0,116.4,54.0,Audio,historique
2026-02-09,68.4,19.4,116.4,40.0,Audio,historique
2026-02-10,63.6,12.8,109.6,151.0,Audio,historique
2026-02-11,67.6,13.1,114.0,133.0,Audio,historique
2026-02-12,63.8,16.3,112.8,142.0,Audio,historique
2026-02-13,66.0,16.2,115.2,163.0,Audio,historique
2026-02-14,67.6,20.7,115.7,125.0,Audio,historique
2026-02-15,68.5,22.2,117.9,120.0,Audio,historique
2026-02-16,70.0,21.5,117.8,113.0,Audio,historique
2026-02-17,65.3,16.1,112.6,28.0,Audio,historique
2026-02-18,69.2,18.4,119.0,44.0,Audio,historique
2026-02-19,65.5,16.3,114.9,46.0,Audio,historique
2026-02-20,67.7,13.3,117.7,46.0,Audio,historique
2026-02-21,69.3,22.1,119.3,36.0,Audio,historique
2026-02-22,70.2,21.1,119.8,49.0,Audio,historique
2026-02-23,71.8,24.2,122.0,50.0,Audio,historique
2026-02-24,67.0,15.3,115.9,51.0,Audio,historique
2026-02-25,71.0,20.5,119.3,45.0,Audio,historique
2026-02-26,67.3,18.6,117.0,48.0,Audio,historique
2026-02-27,69.5,19.3,120.3,45.0,Audio,historique
2026-02-28,71.1,20.8,120.1,61.0,Audio,historique
2026-03-01,72.0,24.3,118.3,54.0,Audio,historique
2026-03-02,73.6,25.7,120.8,41.0,Audio,historique
2026-03-03,68.9,18.1,117.9,41.0,Audio,historique
2026-03-04,72.9,27.3,122.3,44.0,Audio,historique
2026-03-05,69.2,20.7,115.6,42.0,Audio,historique
2026-03-06,71.5,24.4,120.0,55.0,Audio,historique
2026-03-07,73.1,22.7,124.4,46.0,Audio,historique
2026-03-08,74.0,26.6,121.1,49.0,Audio,historique
2026-03-09,75.7,29.7,125.3,48.0,Audio,historique
2026-03-10,70.9,23.2,119.9,41.0,Audio,historique
2026-03-11,74.9,26.1,126.0,45.0,Audio,historique
2026-03-12,71.3,24.1,118.9,50.0,Audio,historique
2026-03-13,73.5,25.9,121.6,47.0,Audio,historique
2026-03-14,75.1,21.0,126.4,51.0,Audio,historique
2026-03-15,76.1,24.0,126.3,53.0,Audio,historique
2026-03-16,77.8,28.5,128.2,54.0,Audio,historique
2026-03-17,73.1,25.2,125.6,49.0,Audio,historique
2026-03-18,77.1,29.8,127.6,146.0,Audio,historique
2026-03-19,73.4,25.0,123.8,161.0,Audio,historique
2026-03-20,75.7,29.2,124.4,157.0,Audio,historique
2026-03-21,77.3,27.8,128.9,128.0,Audio,historique
2026-03-22,78.3,30.7,131.5,126.0,Audio,historique
2026-03-23,80.0,31.5,127.2,122.0,Audio,historique
2026-03-24,75.3,29.1,124.0,165.0,Audio,historique
2026-03-25,79.3,33.4,128.6,152.0,Audio,historique
2026-03-26,75.6,26.5,122.1,48.0,Audio,historique
2026-03-27,77.9,30.1,125.7,37.0,Audio,historique
2026-03-28,79.6,29.2,132.7,50.0,Audio,historique
2026-03-29,80.6,31.9,130.7,51.0,Audio,historique
2026-03-30,82.2,33.7,131.6,43.0,Audio,historique
2026-03-31,77.6,26.6,129.2,52.0,Audio,historique
2026-04-01,81.6,27.3,131.3,139.0,Audio,historique
2026-04-02,78.0,27.0,127.0,158.0,Audio,historique
2026-04-03,80.3,30.7,125.2,155.0,Audio,historique
2026-04-04,81.9,35.1,130.5,150.0,Audio,historique
2026-04-05,82.9,36.6,131.5,136.0,Audio,historique
2026-04-06,84.6,31.3,130.8,151.0,Audio,historique
2026-04-07,79.9,32.1,124.6,168.0,Audio,historique
2026-04-08,84.0,34.2,133.3,61.0,Audio,historique
2026-04-09,80.4,30.1,128.8,47.0,Audio,historique
2026-04-10,82.6,34.3,132.6,89.0,Audio,historique
2026-04-11,84.3,33.4,133.9,56.0,Audio,historique
2026-04-12,85.3,36.2,136.0,53.0,Audio,historique
2026-04-13,87.0,43.1,135.3,45.0,Audio,historique
2026-04-14,82.3,30.5,134.3,64.0,Audio,historique
2026-04-15,86.4,37.3,133.5,53.0,Audio,historique
2026-04-16,82.8,33.3,131.4,75.0,Audio,historique
2026-04-17,85.1,34.2,132.9,57.0,Audio,historique
2026-04-18,86.8,34.6,135.6,44.0,Audio,historique
2026-04-19,87.8,39.4,137.7,65.0,Audio,historique
2026-04-20,89.5,41.4,138.5,47.0,Audio,historique
2026-04-21,84.8,37.0,133.0,57.0,Audio,historique
2026-04-22,88.9,38.6,138.7,60.0,Audio,historique
2026-04-23,85.3,33.4,133.0,52.0,Audio,historique
2026-04-24,87.6,36.1,134.5,58.0,Audio,historique
2026-04-25,89.3,38.1,140.5,59.0,Audio,historique
2026-04-26,90.4,43.5,137.4,59.0,Audio,historique
2026-04-27,92.1,42.4,143.7,61.0,Audio,historique
2026-04-28,87.4,38.7,134.6,44.0,Audio,historique
2026-04-29,91.5,43.6,139.6,58.0,Audio,historique
2026-04-30,87.9,34.6,137.9,66.0,Audio,historique
2026-05-01,90.2,40.3,139.9,50.0,Audio,historique
2026-05-02,91.9,41.7,141.3,64.0,Audio,historique
2026-05-03,92.9,44.2,140.4,79.0,Audio,historique
2026-05-04,94.6,45.5,143.8,62.0,Audio,historique
2026-05-05,90.0,42.4,140.4,76.0,Audio,historique
2026-05-06,94.1,43.2,143.8,83.0,Audio,historique
2026-05-07,90.5,45.1,139.0,58.0,Audio,historique
2026-05-08,92.8,40.7,140.7,59.0,Audio,historique
2026-05-09,94.5,47.5,142.7,75.0,Audio,historique
2026-05-10,95.5,46.5,143.8,86.0,Audio,historique
2026-05-11,97.2,49.6,148.2,79.0,Audio,historique
2026-05-12,92.6,40.2,137.4,64.0,Audio,historique
2026-05-13,96.6,49.3,145.6,63.0,Audio,historique
2026-05-14,93.1,46.4,142.6,76.0,Audio,historique
2026-05-15,95.4,44.6,143.9,67.0,Audio,historique
2026-05-16,97.1,44.5,146.2,57.0,Audio,historique
2026-05-17,98.1,50.0,145.8,57.0,Audio,historique
2026-05-18,99.8,52.0,149.4,82.0,Audio,historique
2026-05-19,95.2,48.6,146.0,70.0,Audio,historique
2026-05-20,99.2,53.4,144.0,58.0,Audio,historique
2026-05-21,95.6,44.8,143.1,52.0,Audio,historique
2026-05-22,97.9,50.2,144.8,58.0,Audio,historique
2026-05-23,99.6,52.0,146.0,83.0,Audio,historique
2026-05-24,100.7,45.7,152.7,53.0,Audio,historique
2026-05-25,102.4,52.8,153.2,130.0,Audio,historique
2026-05-26,97.7,47.2,145.1,135.0,Audio,historique
2026-05-27,101.8,51.4,151.0,141.0,Audio,historique
2026-05-28,98.2,46.3,148.7,118.0,Audio,historique
2026-05-29,100.5,49.4,146.5,130.0,Audio,historique
2026-05-30,102.2,52.6,151.5,146.0,Audio,historique
2026-05-31,103.3,54.1,153.6,138.0,Audio,historique
2026-06-01,105.0,55.4,150.7,139.0,Audio,historique
2026-06-02,100.3,51.2,149.7,150.0,Audio,historique
2026-06-03,104.4,52.8,153.7,119.0,Audio,historique
2026-06-04,100.8,52.4,152.6,132.0,Audio,historique
2026-06-05,103.1,54.7,155.4,162.0,Audio,historique
2026-06-06,104.8,55.4,155.6,80.0,Audio,historique
2026-06-07,105.8,58.4,156.4,71.0,Audio,historique
2026-06-08,107.5,57.1,157.0,75.0,Audio,historique
2026-06-09,102.9,55.7,151.0,72.0,Audio,historique
2026-06-10,107.0,59.2,156.9,82.0,Audio,historique
2026-06-11,103.4,51.8,151.9,83.0,Audio,historique
2026-06-12,105.7,54.6,153.9,95.0,Audio,historique
2026-06-13,107.4,60.8,156.2,79.0,Audio,historique
2026-06-14,108.4,63.5,155.8,94.0,Audio,historique
2026-06-15,110.1,61.3,159.3,103.0,Audio,historique
2026-06-16,105.5,54.5,153.6,75.0,Audio,historique
2026-06-17,109.5,60.1,157.4,124.0,Audio,historique
2026-06-18,105.9,58.5,153.2,97.0,Audio,historique
2026-06-19,108.3,59.5,155.0,85.0,Audio,historique
2026-06-20,110.0,61.2,160.8,385.0,Audio,historique
2026-06-21,111.0,63.7,161.4,354.0,Audio,historique
2026-06-22,112.7,59.9,159.6,374.0,Audio,historique
2026-06-23,108.0,61.9,157.7,111.0,Audio,historique
2026-06-24,112.1,63.3,159.0,76.0,Audio,historique
2026-06-25,108.5,58.5,154.6,114.0,Audio,historique
2026-06-26,110.8,58.3,159.2,115.0,Audio,historique
2026-06-27,112.5,63.3,162.1,119.0,Audio,historique
2026-06-28,113.6,63.8,159.9,134.0,Audio,historique
2026-06-29,115.3,66.1,164.7,135.0,Audio,historique
2026-06-30,110.6,59.8,160.7,64.0,Audio,historique
2026-07-01,114.7,60.5,161.2,,Audio,prevision
2026-07-02,111.1,62.7,160.4,,Audio,prevision
2026-07-03,113.4,63.2,159.4,,Audio,prevision
2026-07-04,115.1,67.4,167.5,,Audio,prevision
2026-07-05,116.1,66.5,164.6,,Audio,prevision
2026-07-06,117.8,62.5,168.6,,Audio,prevision
2026-07-07,113.2,60.2,162.1,,Audio,prevision
2026-07-08,117.3,67.6,163.8,,Audio,prevision
2026-07-09,113.7,62.5,161.9,,Audio,prevision
2026-07-10,116.0,68.1,164.9,,Audio,prevision
2026-07-11,117.7,66.1,165.4,,Audio,prevision
2026-07-12,118.7,68.2,171.5,,Audio,prevision
2026-07-13,120.4,69.2,168.4,,Audio,prevision
2026-07-14,115.8,65.6,166.6,,Audio,prevision
2026-07-15,119.8,70.6,170.5,,Audio,prevision
2026-07-16,116.3,66.1,164.9,,Audio,prevision
2026-07-17,118.6,69.2,170.1,,Audio,prevision
2026-07-18,120.3,74.5,170.5,,Audio,prevision
2026-07-19,121.3,74.5,171.5,,Audio,prevision
2026-07-20,123.0,78.1,172.7,,Audio,prevision
2026-07-21,118.4,70.6,167.3,,Audio,prevision
2026-07-22,122.4,72.9,170.0,,Audio,prevision
2026-07-23,118.8,69.3,168.8,,Audio,prevision
2026-07-24,121.2,68.4,168.4,,Audio,prevision
2026-07-25,122.8,75.8,172.1,,Audio,prevision
2026-07-26,123.9,71.6,172.2,,Audio,prevision
2026-07-27,125.6,73.1,172.9,,Audio,prevision
2026-07-28,120.9,68.2,169.9,,Audio,prevision
2026-07-29,125.0,76.0,176.8,,Audio,prevision
2026-07-30,121.4,74.9,172.9,,Audio,prevision
2025-07-01,12.0,-9.4,34.4,13.0,Gaming,historique
2025-07-02,12.7,-8.7,34.3,11.0,Gaming,historique
2025-07-03,12.5,-8.8,33.9,6.0,Gaming,historique
2025-07-04,13.1,-9.2,33.5,14.0,Gaming,historique
2025-07-05,15.2,-8.0,37.4,8.0,Gaming,historique
2025-07-06,14.6,-6.4,37.9,16.0,Gaming,historique
2025-07-07,14.6,-6.8,37.3,13.0,Gaming,historique
2025-07-08,12.5,-9.7,31.9,16.0,Gaming,historique
2025-07-09,13.2,-9.2,34.5,10.0,Gaming,historique
2025-07-10,12.9,-8.8,33.9,12.0,Gaming,historique
2025-07-11,13.6,-8.4,34.7,16.0,Gaming,historique
2025-07-12,15.6,-6.8,39.9,12.0,Gaming,historique
2025-07-13,15.0,-6.9,36.8,8.0,Gaming,historique
2025-07-14,15.1,-6.3,35.5,14.0,Gaming,historique
2025-07-15,13.0,-8.6,36.7,8.0,Gaming,historique
2025-07-16,13.7,-6.2,33.1,12.0,Gaming,historique
2025-07-17,13.4,-8.0,34.3,8.0,Gaming,historique
2025-07-18,14.1,-7.7,34.6,9.0,Gaming,historique
2025-07-19,16.1,-5.6,36.8,5.0,Gaming,historique
2025-07-20,15.5,-7.6,37.4,13.0,Gaming,historique
2025-07-21,15.6,-6.1,36.5,9.0,Gaming,historique
2025-07-22,13.4,-9.2,35.9,18.0,Gaming,historique
2025-07-23,14.1,-10.0,35.3,3.0,Gaming,historique
2025-07-24,13.8,-9.8,34.5,14.0,Gaming,historique
2025-07-25,14.5,-6.2,36.5,15.0,Gaming,historique
2025-07-26,16.5,-4.8,38.7,21.0,Gaming,historique
2025-07-27,16.0,-5.6,37.8,13.0,Gaming,historique
2025-07-28,16.0,-5.0,38.2,7.0,Gaming,historique
2025-07-29,13.9,-6.8,36.3,15.0,Gaming,historique
2025-07-30,14.6,-6.6,35.3,16.0,Gaming,historique
2025-07-31,14.3,-7.0,36.1,19.0,Gaming,historique
2025-08-01,15.0,-7.8,36.8,12.0,Gaming,historique
2025-08-02,17.0,-3.7,37.6,16.0,Gaming,historique
2025-08-03,16.4,-4.3,40.2,11.0,Gaming,historique
2025-08-04,16.5,-5.5,37.0,21.0,Gaming,historique
2025-08-05,14.3,-6.9,36.2,13.0,Gaming,historique
2025-08-06,15.0,-6.6,37.0,22.0,Gaming,historique
2025-08-07,14.8,-5.9,37.6,13.0,Gaming,historique
2025-08-08,15.5,-6.2,37.6,26.0,Gaming,historique
2025-08-09,17.5,-4.3,40.5,16.0,Gaming,historique
2025-08-10,16.9,-3.9,38.0,12.0,Gaming,historique
2025-08-11,16.9,-5.7,39.8,23.0,Gaming,historique
2025-08-12,14.8,-7.5,36.6,27.0,Gaming,historique
2025-08-13,15.5,-7.3,38.1,11.0,Gaming,historique
2025-08-14,15.2,-5.9,36.8,13.0,Gaming,historique
2025-08-15,15.9,-5.4,36.5,17.0,Gaming,historique
2025-08-16,17.9,-2.8,39.7,15.0,Gaming,historique
2025-08-17,17.4,-4.7,39.5,9.0,Gaming,historique
2025-08-18,17.4,-3.2,38.9,10.0,Gaming,historique
2025-08-19,15.3,-6.7,38.1,4.0,Gaming,historique
2025-08-20,16.0,-5.5,38.6,12.0,Gaming,historique
2025-08-21,15.7,-6.8,38.5,13.0,Gaming,historique
2025-08-22,16.4,-4.9,37.7,6.0,Gaming,historique
2025-08-23,18.4,-2.5,39.5,26.0,Gaming,historique
2025-08-24,17.8,-4.6,39.9,16.0,Gaming,historique
2025-08-25,17.9,-2.5,39.7,25.0,Gaming,historique
2025-08-26,15.7,-7.0,36.7,16.0,Gaming,historique
2025-08-27,16.4,-3.5,37.9,12.0,Gaming,historique
2025-08-28,16.1,-4.9,38.0,19.0,Gaming,historique
2025-08-29,16.8,-5.6,37.6,7.0,Gaming,historique
2025-08-30,18.9,-3.0,41.1,6.0,Gaming,historique
2025-08-31,18.3,-3.2,40.1,9.0,Gaming,historique
2025-09-01,18.3,-5.5,37.6,29.0,Gaming,historique
2025-09-02,16.2,-5.9,39.5,18.0,Gaming,historique
2025-09-03,16.9,-4.0,39.2,29.0,Gaming,historique
2025-09-04,16.6,-4.6,38.3,24.0,Gaming,historique
2025-09-05,17.3,-3.9,38.1,23.0,Gaming,historique
2025-09-06,19.3,-1.8,41.0,23.0,Gaming,historique
2025-09-07,18.7,-2.9,40.8,24.0,Gaming,historique
2025-09-08,18.8,-3.3,42.5,23.0,Gaming,historique
2025-09-09,16.7,-4.3,37.1,27.0,Gaming,historique
2025-09-10,17.3,-4.4,39.4,21.0,Gaming,historique
2025-09-11,17.1,-5.3,38.9,17.0,Gaming,historique
2025-09-12,17.8,-4.8,39.7,30.0,Gaming,historique
2025-09-13,19.8,-1.7,41.8,14.0,Gaming,historique
2025-09-14,19.2,-2.6,41.7,21.0,Gaming,historique
2025-09-15,19.3,-2.4,41.8,14.0,Gaming,historique
2025-09-16,17.1,-5.0,40.7,19.0,Gaming,historique
2025-09-17,17.8,-3.6,40.2,20.0,Gaming,historique
2025-09-18,17.5,-3.3,39.3,11.0,Gaming,historique
2025-09-19,18.2,-4.3,40.0,34.0,Gaming,historique
2025-09-20,20.2,-1.5,43.2,20.0,Gaming,historique
2025-09-21,19.7,-1.2,42.6,24.0,Gaming,historique
2025-09-22,19.7,-1.8,41.8,29.0,Gaming,historique
2025-09-23,17.6,-4.9,39.4,15.0,Gaming,historique
2025-09-24,18.3,-2.3,40.0,25.0,Gaming,historique
2025-09-25,18.0,-4.3,39.1,20.0,Gaming,historique
2025-09-26,18.7,-2.7,40.5,30.0,Gaming,historique
2025-09-27,20.7,1.5,41.9,24.0,Gaming,historique
2025-09-28,20.1,-1.0,41.9,28.0,Gaming,historique
2025-09-29,20.2,-2.9,40.7,17.0,Gaming,historique
2025-09-30,18.0,-3.3,38.1,25.0,Gaming,historique
2025-10-01,18.7,-3.1,39.1,8.0,Gaming,historique
2025-10-02,18.5,-2.3,40.6,14.0,Gaming,historique
2025-10-03,19.1,-3.3,41.6,12.0,Gaming,historique
2025-10-04,21.2,-0.0,43.3,22.0,Gaming,historique
2025-10-05,20.6,-0.3,44.6,21.0,Gaming,historique
2025-10-06,20.6,-1.8,42.2,14.0,Gaming,historique
2025-10-07,18.5,-2.9,39.5,8.0,Gaming,historique
2025-10-08,19.2,-3.0,42.9,11.0,Gaming,historique
2025-10-09,18.9,-3.1,39.0,10.0,Gaming,historique
2025-10-10,19.6,-0.2,41.8,43.0,Gaming,historique
2025-10-11,21.6,-0.2,42.6,51.0,Gaming,historique
2025-10-12,21.0,-1.0,43.3,42.0,Gaming,historique
2025-10-13,21.1,-0.3,44.0,38.0,Gaming,historique
2025-10-14,19.0,-2.6,40.1,38.0,Gaming,historique
2025-10-15,19.7,-2.5,41.3,35.0,Gaming,historique
2025-10-16,19.4,-2.3,41.2,52.0,Gaming,historique
2025-10-17,20.1,-0.5,41.7,48.0,Gaming,historique
2025-10-18,22.1,2.1,45.2,52.0,Gaming,historique
2025-10-19,21.5,1.3,44.0,51.0,Gaming,historique
2025-10-20,21.6,-0.1,43.2,45.0,Gaming,historique
2025-10-21,19.4,-2.2,41.0,15.0,Gaming,historique
2025-10-22,20.1,-1.7,40.7,13.0,Gaming,historique
2025-10-23,19.8,-3.0,39.7,6.0,Gaming,historique
2025-10-24,20.5,-2.4,43.0,8.0,Gaming,historique
2025-10-25,22.6,1.3,44.9,20.0,Gaming,historique
2025-10-26,22.0,-0.3,44.7,16.0,Gaming,historique
2025-10-27,22.0,-0.4,43.8,8.0,Gaming,historique
2025-10-28,19.9,-1.5,42.8,24.0,Gaming,historique
2025-10-29,20.6,-1.2,40.8,17.0,Gaming,historique
2025-10-30,20.3,-1.7,41.2,24.0,Gaming,historique
2025-10-31,21.0,-0.8,41.6,13.0,Gaming,historique
2025-11-01,23.0,0.5,43.9,14.0,Gaming,historique
2025-11-02,22.4,2.3,44.2,12.0,Gaming,historique
2025-11-03,22.5,1.7,44.8,11.0,Gaming,historique
2025-11-04,20.3,0.2,42.4,14.0,Gaming,historique
2025-11-05,21.0,1.6,43.9,12.0,Gaming,historique
2025-11-06,20.8,-1.9,43.1,17.0,Gaming,historique
2025-11-07,21.5,-0.2,43.6,14.0,Gaming,historique
2025-11-08,23.5,2.1,46.8,21.0,Gaming,historique
2025-11-09,22.9,-0.5,44.9,19.0,Gaming,historique
2025-11-10,22.9,1.7,44.8,15.0,Gaming,historique
2025-11-11,20.8,-0.2,42.3,15.0,Gaming,historique
2025-11-12,21.5,-0.1,42.1,15.0,Gaming,historique
2025-11-13,21.2,0.3,42.5,19.0,Gaming,historique
2025-11-14,21.9,1.5,44.3,20.0,Gaming,historique
2025-11-15,23.9,3.1,46.0,19.0,Gaming,historique
2025-11-16,23.4,1.8,44.3,24.0,Gaming,historique
2025-11-17,23.4,3.1,46.0,18.0,Gaming,historique
2025-11-18,21.3,0.8,43.9,18.0,Gaming,historique
2025-11-19,22.0,0.3,42.9,21.0,Gaming,historique
2025-11-20,21.7,0.1,43.1,18.0,Gaming,historique
2025-11-21,22.4,1.1,44.4,11.0,Gaming,historique
2025-11-22,24.4,1.0,45.9,16.0,Gaming,historique
2025-11-23,23.8,1.9,46.3,17.0,Gaming,historique
2025-11-24,23.9,2.0,46.6,52.0,Gaming,historique
2025-11-25,21.7,0.8,42.5,54.0,Gaming,historique
2025-11-26,22.4,1.5,45.0,61.0,Gaming,historique
2025-11-27,22.1,1.0,43.6,64.0,Gaming,historique
2025-11-28,22.8,1.8,44.3,53.0,Gaming,historique
2025-11-29,24.9,3.1,46.8,31.0,Gaming,historique
2025-11-30,24.3,2.6,45.9,37.0,Gaming,historique
2025-12-01,24.3,1.9,45.7,9.0,Gaming,historique
2025-12-02,22.2,2.0,42.8,18.0,Gaming,historique
2025-12-03,22.9,0.2,43.9,8.0,Gaming,historique
2025-12-04,22.6,-0.8,44.4,25.0,Gaming,historique
2025-12-05,23.3,0.9,44.7,20.0,Gaming,historique
2025-12-06,25.3,4.5,45.3,19.0,Gaming,historique
2025-12-07,24.7,4.1,46.3,15.0,Gaming,historique
2025-12-08,24.8,3.0,47.6,30.0,Gaming,historique
2025-12-09,22.7,0.1,45.0,26.0,Gaming,historique
2025-12-10,23.3,1.8,45.8,18.0,Gaming,historique
2025-12-11,23.1,0.4,44.7,30.0,Gaming,historique
2025-12-12,23.8,2.5,44.8,5.0,Gaming,historique
2025-12-13,25.8,3.5,46.7,13.0,Gaming,historique
2025-12-14,25.2,2.9,46.9,9.0,Gaming,historique
2025-12-15,25.3,4.6,46.5,30.0,Gaming,historique
2025-12-16,23.1,2.7,44.8,40.0,Gaming,historique
2025-12-17,23.8,2.4,45.2,35.0,Gaming,historique
2025-12-18,23.5,0.4,44.6,37.0,Gaming,historique
2025-12-19,24.2,3.9,46.2,29.0,Gaming,historique
2025-12-20,26.2,6.1,47.7,41.0,Gaming,historique
2025-12-21,25.7,4.2,47.7,35.0,Gaming,historique
2025-12-22,25.7,3.5,48.1,33.0,Gaming,historique
2025-12-23,23.6,1.5,47.0,35.0,Gaming,historique
2025-12-24,24.3,0.9,44.9,28.0,Gaming,historique
2025-12-25,24.0,2.7,45.9,26.0,Gaming,historique
2025-12-26,24.7,3.1,46.7,38.0,Gaming,historique
2025-12-27,26.7,5.2,48.7,30.0,Gaming,historique
2025-12-28,26.1,6.4,46.2,35.0,Gaming,historique
2025-12-29,26.2,5.4,48.9,26.0,Gaming,historique
2025-12-30,24.0,1.9,45.4,27.0,Gaming,historique
2025-12-31,24.7,4.2,45.7,25.0,Gaming,historique
2026-01-01,24.5,4.6,46.9,14.0,Gaming,historique
2026-01-02,25.1,2.7,47.8,15.0,Gaming,historique
2026-01-03,27.2,5.3,49.3,13.0,Gaming,historique
2026-01-04,26.6,5.3,49.0,19.0,Gaming,historique
2026-01-05,26.6,5.1,49.1,13.0,Gaming,historique
2026-01-06,24.5,2.1,47.1,6.0,Gaming,historique
2026-01-07,25.2,4.5,47.2,7.0,Gaming,historique
2026-01-08,24.9,3.0,46.7,24.0,Gaming,historique
2026-01-09,25.6,3.6,45.8,20.0,Gaming,historique
2026-01-10,27.7,5.9,49.8,20.0,Gaming,historique
2026-01-11,27.1,5.8,50.0,18.0,Gaming,historique
2026-01-12,27.1,5.3,47.8,30.0,Gaming,historique
2026-01-13,25.0,3.9,46.6,18.0,Gaming,historique
2026-01-14,25.7,3.2,48.0,13.0,Gaming,historique
2026-01-15,25.4,4.6,45.3,27.0,Gaming,historique
2026-01-16,26.1,6.2,48.4,13.0,Gaming,historique
2026-01-17,28.2,6.4,48.2,24.0,Gaming,historique
2026-01-18,27.6,4.8,49.4,15.0,Gaming,historique
2026-01-19,27.7,7.4,50.4,23.0,Gaming,historique
2026-01-20,25.5,3.5,48.1,30.0,Gaming,historique
2026-01-21,26.3,4.6,48.1,14.0,Gaming,historique
2026-01-22,26.0,4.2,49.1,17.0,Gaming,historique
2026-01-23,26.7,4.9,49.1,15.0,Gaming,historique
2026-01-24,28.7,6.9,50.1,13.0,Gaming,historique
2026-01-25,28.2,6.4,49.5,18.0,Gaming,historique
2026-01-26,28.2,8.1,49.8,17.0,Gaming,historique
2026-01-27,26.1,6.2,47.4,28.0,Gaming,historique
2026-01-28,26.8,4.7,49.0,14.0,Gaming,historique
2026-01-29,26.6,3.4,46.6,15.0,Gaming,historique
2026-01-30,27.3,5.6,48.9,25.0,Gaming,historique
2026-01-31,29.3,7.8,50.8,15.0,Gaming,historique
2026-02-01,28.8,9.2,50.5,24.0,Gaming,historique
2026-02-02,28.9,6.2,49.1,18.0,Gaming,historique
2026-02-03,26.8,4.0,49.3,16.0,Gaming,historique
2026-02-04,27.5,5.5,49.2,10.0,Gaming,historique
2026-02-05,27.2,6.7,49.8,13.0,Gaming,historique
2026-02-06,27.9,6.8,49.6,15.0,Gaming,historique
2026-02-07,30.0,8.8,50.7,17.0,Gaming,historique
2026-02-08,29.4,7.9,52.9,19.0,Gaming,historique
2026-02-09,29.5,8.9,51.9,17.0,Gaming,historique
2026-02-10,27.4,5.1,48.6,60.0,Gaming,historique
2026-02-11,28.2,6.4,49.4,61.0,Gaming,historique
2026-02-12,27.9,8.1,51.4,78.0,Gaming,historique
2026-02-13,28.6,6.9,51.9,57.0,Gaming,historique
2026-02-14,30.7,7.5,52.7,46.0,Gaming,historique
2026-02-15,30.2,8.3,52.3,67.0,Gaming,historique
2026-02-16,30.2,7.7,52.1,57.0,Gaming,historique
2026-02-17,28.1,5.3,49.9,10.0,Gaming,historique
2026-02-18,28.9,6.7,50.2,32.0,Gaming,historique
2026-02-19,28.6,7.6,50.2,23.0,Gaming,historique
2026-02-20,29.4,7.8,52.2,14.0,Gaming,historique
2026-02-21,31.4,8.5,52.7,25.0,Gaming,historique
2026-02-22,30.9,9.9,53.4,14.0,Gaming,historique
2026-02-23,31.0,9.9,53.2,13.0,Gaming,historique
2026-02-24,28.9,6.5,50.8,30.0,Gaming,historique
2026-02-25,29.6,8.2,52.2,26.0,Gaming,historique
2026-02-26,29.4,8.4,52.9,16.0,Gaming,historique
2026-02-27,30.1,7.1,53.7,11.0,Gaming,historique
2026-02-28,32.2,11.2,54.4,13.0,Gaming,historique
2026-03-01,31.7,10.2,54.1,16.0,Gaming,historique
2026-03-02,31.8,10.4,53.3,27.0,Gaming,historique
2026-03-03,29.7,7.8,53.5,19.0,Gaming,historique
2026-03-04,30.4,8.0,52.0,27.0,Gaming,historique
2026-03-05,30.2,8.5,53.4,27.0,Gaming,historique
2026-03-06,30.9,9.2,52.5,14.0,Gaming,historique
2026-03-07,33.0,11.6,54.0,20.0,Gaming,historique
2026-03-08,32.5,11.5,53.7,24.0,Gaming,historique
2026-03-09,32.6,10.1,54.9,25.0,Gaming,historique
2026-03-10,30.5,8.3,50.6,28.0,Gaming,historique
2026-03-11,31.2,10.4,50.9,25.0,Gaming,historique
2026-03-12,31.0,10.1,52.3,30.0,Gaming,historique
2026-03-13,31.7,10.3,53.7,13.0,Gaming,historique
2026-03-14,33.8,12.0,54.9,25.0,Gaming,historique
2026-03-15,33.3,10.6,54.2,31.0,Gaming,historique
2026-03-16,33.4,11.3,54.6,13.0,Gaming,historique
2026-03-17,31.3,10.1,54.4,13.0,Gaming,historique
2026-03-18,32.1,10.1,51.8,67.0,Gaming,historique
2026-03-19,31.8,11.4,53.4,60.0,Gaming,historique
2026-03-20,32.6,10.1,54.5,71.0,Gaming,historique
2026-03-21,34.7,11.1,56.0,64.0,Gaming,historique
2026-03-22,34.1,10.8,56.7,46.0,Gaming,historique
2026-03-23,34.2,12.6,56.1,42.0,Gaming,historique
2026-03-24,32.2,8.9,55.7,49.0,Gaming,historique
2026-03-25,32.9,12.1,54.9,55.0,Gaming,historique
2026-03-26,32.7,10.6,55.5,19.0,Gaming,historique
2026-03-27,33.4,12.1,55.4,11.0,Gaming,historique
2026-03-28,35.5,15.0,56.4,28.0,Gaming,historique
2026-03-29,35.0,12.6,56.9,26.0,Gaming,historique
2026-03-30,35.1,12.2,56.6,32.0,Gaming,historique
2026-03-31,33.0,11.0,54.4,22.0,Gaming,historique
2026-04-01,33.8,12.2,54.8,87.0,Gaming,historique
2026-04-02,33.5,10.2,55.6,73.0,Gaming,historique
2026-04-03,34.3,12.3,58.6,84.0,Gaming,historique
2026-04-04,36.4,14.2,57.0,73.0,Gaming,historique
2026-04-05,35.8,13.6,57.8,89.0,Gaming,historique
2026-04-06,35.9,14.4,57.8,59.0,Gaming,historique
2026-04-07,33.9,12.7,56.4,73.0,Gaming,historique
2026-04-08,34.6,13.3,55.1,14.0,Gaming,historique
2026-04-09,34.4,11.9,56.4,22.0,Gaming,historique
2026-04-10,35.1,13.0,57.0,29.0,Gaming,historique
2026-04-11,37.2,16.2,59.8,14.0,Gaming,historique
2026-04-12,36.7,12.2,58.1,17.0,Gaming,historique
2026-04-13,36.8,15.0,58.1,29.0,Gaming,historique
2026-04-14,34.7,12.3,56.9,26.0,Gaming,historique
2026-04-15,35.5,12.3,56.9,23.0,Gaming,historique
2026-04-16,35.2,13.3,55.3,28.0,Gaming,historique
2026-04-17,36.0,15.6,58.0,28.0,Gaming,historique
2026-04-18,38.1,16.6,60.0,21.0,Gaming,historique
2026-04-19,37.5,17.2,58.2,21.0,Gaming,historique
2026-04-20,37.6,16.7,58.6,38.0,Gaming,historique
2026-04-21,35.6,14.8,58.3,14.0,Gaming,historique
2026-04-22,36.3,15.1,56.4,19.0,Gaming,historique
2026-04-23,36.1,12.6,56.4,16.0,Gaming,historique
2026-04-24,36.8,16.5,58.6,23.0,Gaming,historique
2026-04-25,38.9,16.6,60.4,30.0,Gaming,historique
2026-04-26,38.4,16.7,60.4,29.0,Gaming,historique
2026-04-27,38.5,15.1,59.9,16.0,Gaming,historique
2026-04-28,36.4,14.9,58.0,19.0,Gaming,historique
2026-04-29,37.2,15.5,60.0,28.0,Gaming,historique
2026-04-30,37.0,13.9,59.6,22.0,Gaming,historique
2026-05-01,37.7,15.6,57.9,27.0,Gaming,historique
2026-05-02,39.8,17.1,61.0,38.0,Gaming,historique
2026-05-03,39.3,16.5,60.5,21.0,Gaming,historique
2026-05-04,39.4,17.3,62.2,16.0,Gaming,historique
2026-05-05,37.3,14.3,59.8,13.0,Gaming,historique
2026-05-06,38.0,15.9,60.2,29.0,Gaming,historique
2026-05-07,37.8,18.1,60.1,27.0,Gaming,historique
2026-05-08,38.6,17.8,61.1,17.0,Gaming,historique
2026-05-09,40.6,17.1,63.0,35.0,Gaming,historique
2026-05-10,40.1,18.1,63.2,42.0,Gaming,historique
2026-05-11,40.2,18.7,61.1,16.0,Gaming,historique
2026-05-12,38.1,16.3,60.5,23.0,Gaming,historique
2026-05-13,38.9,17.2,62.1,34.0,Gaming,historique
2026-05-14,38.7,17.4,63.3,18.0,Gaming,historique
2026-05-15,39.4,16.6,60.1,19.0,Gaming,historique
2026-05-16,41.5,19.2,62.0,21.0,Gaming,historique
2026-05-17,41.0,19.2,64.2,28.0,Gaming,historique
2026-05-18,41.1,19.4,62.4,27.0,Gaming,historique
2026-05-19,39.0,17.4,59.9,33.0,Gaming,historique
2026-05-20,39.8,18.5,61.7,44.0,Gaming,historique
2026-05-21,39.5,18.5,60.1,31.0,Gaming,historique
2026-05-22,40.3,19.7,62.7,32.0,Gaming,historique
2026-05-23,42.4,19.9,64.4,33.0,Gaming,historique
2026-05-24,41.8,19.0,62.7,30.0,Gaming,historique
2026-05-25,41.9,21.3,63.9,47.0,Gaming,historique
2026-05-26,39.9,17.3,62.2,57.0,Gaming,historique
2026-05-27,40.6,18.7,62.0,65.0,Gaming,historique
2026-05-28,40.4,18.6,63.0,60.0,Gaming,historique
2026-05-29,41.1,18.5,61.8,81.0,Gaming,historique
2026-05-30,43.2,21.8,66.5,75.0,Gaming,historique
2026-05-31,42.7,21.5,63.1,58.0,Gaming,historique
2026-06-01,42.8,20.6,64.4,68.0,Gaming,historique
2026-06-02,40.7,18.6,62.8,58.0,Gaming,historique
2026-06-03,41.5,22.0,63.3,55.0,Gaming,historique
2026-06-04,41.3,20.4,62.4,51.0,Gaming,historique
2026-06-05,42.0,20.8,64.4,75.0,Gaming,historique
2026-06-06,44.1,23.0,64.4,36.0,Gaming,historique
2026-06-07,43.6,20.5,64.8,23.0,Gaming,historique
2026-06-08,43.7,21.4,65.3,37.0,Gaming,historique
2026-06-09,41.6,19.1,63.4,38.0,Gaming,historique
2026-06-10,42.3,20.6,64.2,35.0,Gaming,historique
2026-06-11,42.1,21.2,63.8,38.0,Gaming,historique
2026-06-12,42.9,20.1,64.1,27.0,Gaming,historique
2026-06-13,44.9,26.0,67.5,29.0,Gaming,historique
2026-06-14,44.4,23.8,66.4,22.0,Gaming,historique
2026-06-15,44.5,23.2,65.7,25.0,Gaming,historique
2026-06-16,42.4,20.9,62.9,45.0,Gaming,historique
2026-06-17,43.2,20.2,67.6,27.0,Gaming,historique
2026-06-18,43.0,21.4,64.7,26.0,Gaming,historique
2026-06-19,43.7,23.0,66.1,36.0,Gaming,historique
2026-06-20,45.8,23.8,68.2,148.0,Gaming,historique
2026-06-21,45.3,22.6,68.4,138.0,Gaming,historique
2026-06-22,45.4,23.7,67.2,134.0,Gaming,historique
2026-06-23,43.3,22.3,65.5,44.0,Gaming,historique
2026-06-24,44.1,23.9,65.8,33.0,Gaming,historique
2026-06-25,43.8,21.9,67.1,36.0,Gaming,historique
2026-06-26,44.6,22.5,65.7,54.0,Gaming,historique
2026-06-27,46.7,24.5,67.1,54.0,Gaming,historique
2026-06-28,46.1,24.7,66.9,64.0,Gaming,historique
2026-06-29,46.3,23.6,66.7,58.0,Gaming,historique
2026-06-30,44.2,20.7,65.1,24.0,Gaming,historique
2026-07-01,44.9,23.5,67.0,,Gaming,prevision
2026-07-02,44.7,23.0,66.4,,Gaming,prevision
2026-07-03,45.5,23.7,66.9,,Gaming,prevision
2026-07-04,47.5,26.8,69.0,,Gaming,prevision
2026-07-05,47.0,25.1,69.6,,Gaming,prevision
2026-07-06,47.1,24.6,68.0,,Gaming,prevision
2026-07-07,45.0,22.0,66.7,,Gaming,prevision
2026-07-08,45.8,24.3,66.9,,Gaming,prevision
2026-07-09,45.6,25.8,66.5,,Gaming,prevision
2026-07-10,46.3,25.2,69.5,,Gaming,prevision
2026-07-11,48.4,25.0,69.7,,Gaming,prevision
2026-07-12,47.9,25.6,68.5,,Gaming,prevision
2026-07-13,48.0,25.3,69.7,,Gaming,prevision
2026-07-14,45.9,24.5,67.3,,Gaming,prevision
2026-07-15,46.6,24.6,67.0,,Gaming,prevision
2026-07-16,46.4,24.8,67.8,,Gaming,prevision
2026-07-17,47.2,24.0,68.2,,Gaming,prevision
2026-07-18,49.3,27.1,70.8,,Gaming,prevision
2026-07-19,48.7,28.6,72.6,,Gaming,prevision
2026-07-20,48.8,26.1,71.8,,Gaming,prevision
2026-07-21,46.8,25.5,67.5,,Gaming,prevision
2026-07-22,47.5,24.0,68.6,,Gaming,prevision
2026-07-23,47.3,25.2,69.1,,Gaming,prevision
2026-07-24,48.0,23.9,70.3,,Gaming,prevision
2026-07-25,50.1,30.4,72.4,,Gaming,prevision
2026-07-26,49.6,29.0,72.1,,Gaming,prevision
2026-07-27,49.7,28.4,72.5,,Gaming,prevision
2026-07-28,47.6,26.0,68.6,,Gaming,prevision
2026-07-29,48.4,25.4,70.3,,Gaming,prevision
2026-07-30,48.2,27.8,69.5,,Gaming,prevision
2025-07-01,13.9,-7.5,34.1,9.0,Objets connectes,historique
2025-07-02,12.8,-7.5,34.7,10.0,Objets connectes,historique
2025-07-03,14.2,-7.6,34.3,14.0,Objets connectes,historique
2025-07-04,14.5,-6.1,36.0,14.0,Objets connectes,historique
2025-07-05,16.6,-4.5,38.9,30.0,Objets connectes,historique
2025-07-06,14.3,-6.2,36.7,11.0,Objets connectes,historique
2025-07-07,17.0,-6.1,38.0,16.0,Objets connectes,historique
2025-07-08,14.3,-5.2,36.4,14.0,Objets connectes,historique
2025-07-09,13.2,-7.2,33.6,14.0,Objets connectes,historique
2025-07-10,14.7,-8.3,35.4,14.0,Objets connectes,historique
2025-07-11,14.9,-4.2,35.7,18.0,Objets connectes,historique
2025-07-12,17.0,-3.9,37.6,18.0,Objets connectes,historique
2025-07-13,14.8,-6.2,36.1,21.0,Objets connectes,historique
2025-07-14,17.4,-3.0,37.1,23.0,Objets connectes,historique
2025-07-15,14.8,-6.3,33.9,9.0,Objets connectes,historique
2025-07-16,13.6,-6.6,35.4,12.0,Objets connectes,historique
2025-07-17,15.1,-4.9,36.9,14.0,Objets connectes,historique
2025-07-18,15.3,-7.6,36.0,21.0,Objets connectes,historique
2025-07-19,17.5,-2.6,38.1,11.0,Objets connectes,historique
2025-07-20,15.2,-6.5,36.2,5.0,Objets connectes,historique
2025-07-21,17.9,-2.0,38.3,8.0,Objets connectes,historique
2025-07-22,15.2,-6.3,35.8,27.0,Objets connectes,historique
2025-07-23,14.1,-6.9,35.3,9.0,Objets connectes,historique
2025-07-24,15.5,-6.8,37.8,13.0,Objets connectes,historique
2025-07-25,15.8,-4.8,37.3,20.0,Objets connectes,historique
2025-07-26,17.9,-3.4,39.5,14.0,Objets connectes,historique
2025-07-27,15.6,-6.3,36.4,9.0,Objets connectes,historique
2025-07-28,18.3,-2.2,41.3,17.0,Objets connectes,historique
2025-07-29,15.6,-4.2,36.9,15.0,Objets connectes,historique
2025-07-30,14.5,-7.2,35.6,10.0,Objets connectes,historique
2025-07-31,16.0,-4.1,38.2,21.0,Objets connectes,historique
2025-08-01,16.2,-2.6,36.7,15.0,Objets connectes,historique
2025-08-02,18.3,-3.6,40.0,10.0,Objets connectes,historique
2025-08-03,16.1,-6.8,36.4,9.0,Objets connectes,historique
2025-08-04,18.7,-2.1,39.6,11.0,Objets connectes,historique
2025-08-05,16.1,-3.8,36.4,13.0,Objets connectes,historique
2025-08-06,14.9,-4.9,37.8,16.0,Objets connectes,historique
2025-08-07,16.4,-5.4,38.3,28.0,Objets connectes,historique
2025-08-08,16.6,-4.4,38.1,8.0,Objets connectes,historique
2025-08-09,18.8,-1.9,39.0,8.0,Objets connectes,historique
2025-08-10,16.5,-6.1,36.3,8.0,Objets connectes,historique
2025-08-11,19.2,-0.7,40.7,12.0,Objets connectes,historique
2025-08-12,16.5,-4.1,38.1,16.0,Objets connectes,historique
2025-08-13,15.4,-5.5,35.3,22.0,Objets connectes,historique
2025-08-14,16.8,-5.6,39.9,12.0,Objets connectes,historique
2025-08-15,17.1,-5.5,38.5,12.0,Objets connectes,historique
2025-08-16,19.2,-2.0,40.4,11.0,Objets connectes,historique
2025-08-17,16.9,-4.6,37.4,15.0,Objets connectes,historique
2025-08-18,19.6,-0.7,40.5,14.0,Objets connectes,historique
2025-08-19,16.9,-5.0,36.9,22.0,Objets connectes,historique
2025-08-20,15.8,-5.3,36.9,14.0,Objets connectes,historique
2025-08-21,17.3,-5.2,36.7,13.0,Objets connectes,historique
2025-08-22,17.5,-4.7,38.0,17.0,Objets connectes,historique
2025-08-23,19.6,-0.8,40.3,18.0,Objets connectes,historique
2025-08-24,17.4,-3.8,38.3,18.0,Objets connectes,historique
2025-08-25,20.0,-0.4,41.3,14.0,Objets connectes,historique
2025-08-26,17.4,-2.3,38.8,8.0,Objets connectes,historique
2025-08-27,16.2,-4.7,37.6,30.0,Objets connectes,historique
2025-08-28,17.7,-4.4,36.4,24.0,Objets connectes,historique
2025-08-29,17.9,-3.1,39.0,8.0,Objets connectes,historique
2025-08-30,20.1,-2.0,40.1,11.0,Objets connectes,historique
2025-08-31,17.8,-3.3,39.2,16.0,Objets connectes,historique
2025-09-01,20.5,-0.5,41.4,21.0,Objets connectes,historique
2025-09-02,17.8,-3.5,38.7,18.0,Objets connectes,historique
2025-09-03,16.7,-4.3,38.4,16.0,Objets connectes,historique
2025-09-04,18.1,-2.1,40.7,22.0,Objets connectes,historique
2025-09-05,18.4,-3.7,39.7,21.0,Objets connectes,historique
2025-09-06,20.5,-0.7,42.3,22.0,Objets connectes,historique
2025-09-07,18.2,-2.0,40.9,17.0,Objets connectes,historique
2025-09-08,20.9,-0.2,42.7,37.0,Objets connectes,historique
2025-09-09,18.2,-3.5,39.3,31.0,Objets connectes,historique
2025-09-10,17.1,-6.5,38.4,18.0,Objets connectes,historique
2025-09-11,18.6,-2.3,39.5,36.0,Objets connectes,historique
2025-09-12,18.8,-3.7,39.2,22.0,Objets connectes,historique
2025-09-13,20.9,0.3,42.9,33.0,Objets connectes,historique
2025-09-14,18.7,-2.4,38.6,16.0,Objets connectes,historique
2025-09-15,21.3,0.2,43.1,31.0,Objets connectes,historique
2025-09-16,18.7,-3.3,40.3,39.0,Objets connectes,historique
2025-09-17,17.5,-3.6,38.2,24.0,Objets connectes,historique
2025-09-18,19.0,-2.9,38.4,28.0,Objets connectes,historique
2025-09-19,19.2,-3.0,39.4,21.0,Objets connectes,historique
2025-09-20,21.4,-0.7,42.1,28.0,Objets connectes,historique
2025-09-21,19.1,-2.2,40.7,20.0,Objets connectes,historique
2025-09-22,21.8,-0.0,43.3,22.0,Objets connectes,historique
2025-09-23,19.1,-0.1,40.3,22.0,Objets connectes,historique
2025-09-24,18.0,-2.8,39.4,25.0,Objets connectes,historique
2025-09-25,19.4,0.3,41.9,22.0,Objets connectes,historique
2025-09-26,19.7,-2.1,41.7,18.0,Objets connectes,historique
2025-09-27,21.8,1.3,43.1,26.0,Objets connectes,historique
2025-09-28,19.5,-2.1,40.1,23.0,Objets connectes,historique
2025-09-29,22.2,0.7,43.0,34.0,Objets connectes,historique
2025-09-30,19.5,-1.4,39.3,21.0,Objets connectes,historique
2025-10-01,18.4,-2.8,39.1,14.0,Objets connectes,historique
2025-10-02,19.9,-1.3,41.2,10.0,Objets connectes,historique
2025-10-03,20.1,-0.9,41.0,14.0,Objets connectes,historique
2025-10-04,22.2,0.6,42.0,28.0,Objets connectes,historique
2025-10-05,20.0,-1.4,40.2,8.0,Objets connectes,historique
2025-10-06,22.6,0.0,45.6,20.0,Objets connectes,historique
2025-10-07,20.0,-2.8,39.7,10.0,Objets connectes,historique
2025-10-08,18.8,-3.1,38.4,18.0,Objets connectes,historique
2025-10-09,20.3,-0.7,41.2,15.0,Objets connectes,historique
2025-10-10,20.5,0.2,41.3,40.0,Objets connectes,historique
2025-10-11,22.7,1.8,44.3,36.0,Objets connectes,historique
2025-10-12,20.4,-1.1,40.9,47.0,Objets connectes,historique
2025-10-13,23.1,2.9,43.5,39.0,Objets connectes,historique
2025-10-14,20.4,1.2,43.6,38.0,Objets connectes,historique
2025-10-15,19.3,-3.3,42.1,35.0,Objets connectes,historique
2025-10-16,20.7,-0.4,44.5,52.0,Objets connectes,historique
2025-10-17,21.0,-0.6,42.5,33.0,Objets connectes,historique
2025-10-18,23.1,0.8,43.5,31.0,Objets connectes,historique
2025-10-19,20.8,0.6,41.7,38.0,Objets connectes,historique
2025-10-20,23.5,2.1,45.2,33.0,Objets connectes,historique
2025-10-21,20.8,-0.1,42.2,15.0,Objets connectes,historique
2025-10-22,19.7,-2.5,40.3,16.0,Objets connectes,historique
2025-10-23,21.2,0.9,41.3,14.0,Objets connectes,historique
2025-10-24,21.4,0.1,41.0,20.0,Objets connectes,historique
2025-10-25,23.5,2.2,44.2,20.0,Objets connectes,historique
2025-10-26,21.3,0.0,42.0,18.0,Objets connectes,historique
2025-10-27,23.9,3.0,44.7,14.0,Objets connectes,historique
2025-10-28,21.3,0.8,42.6,20.0,Objets connectes,historique
2025-10-29,20.1,0.9,41.0,8.0,Objets connectes,historique
2025-10-30,21.6,1.2,41.9,19.0,Objets connectes,historique
2025-10-31,21.8,0.5,44.2,19.0,Objets connectes,historique
2025-11-01,24.0,2.4,45.8,21.0,Objets connectes,historique
2025-11-02,21.7,0.7,42.5,14.0,Objets connectes,historique
2025-11-03,24.4,3.2,46.6,4.0,Objets connectes,historique
2025-11-04,21.7,-1.5,41.6,12.0,Objets connectes,historique
2025-11-05,20.6,-1.6,39.8,17.0,Objets connectes,historique
2025-11-06,22.0,-1.3,43.2,19.0,Objets connectes,historique
2025-11-07,22.3,1.8,44.5,18.0,Objets connectes,historique
2025-11-08,24.4,3.8,44.2,9.0,Objets connectes,historique
2025-11-09,22.1,1.9,44.4,14.0,Objets connectes,historique
2025-11-10,24.8,3.4,45.1,22.0,Objets connectes,historique
2025-11-11,22.1,1.4,43.3,19.0,Objets connectes,historique
2025-11-12,21.0,0.7,41.4,17.0,Objets connectes,historique
2025-11-13,22.5,0.8,44.0,16.0,Objets connectes,historique
2025-11-14,22.7,1.3,43.1,24.0,Objets connectes,historique
2025-11-15,24.8,6.2,45.8,10.0,Objets connectes,historique
2025-11-16,22.6,1.0,43.9,12.0,Objets connectes,historique
2025-11-17,25.2,6.2,45.3,20.0,Objets connectes,historique
2025-11-18,22.6,0.9,44.5,17.0,Objets connectes,historique
2025-11-19,21.4,-0.1,43.3,11.0,Objets connectes,historique
2025-11-20,22.9,2.1,42.8,15.0,Objets connectes,historique
2025-11-21,23.1,3.3,45.5,22.0,Objets connectes,historique
2025-11-22,25.3,4.6,45.4,28.0,Objets connectes,historique
2025-11-23,23.0,1.0,43.6,27.0,Objets connectes,historique
2025-11-24,25.7,5.0,47.2,56.0,Objets connectes,historique
2025-11-25,23.0,1.2,42.3,53.0,Objets connectes,historique
2025-11-26,21.9,0.7,43.9,57.0,Objets connectes,historique
2025-11-27,23.3,0.8,44.3,63.0,Objets connectes,historique
2025-11-28,23.6,2.2,45.1,58.0,Objets connectes,historique
2025-11-29,25.7,3.7,46.3,76.0,Objets connectes,historique
2025-11-30,23.4,3.2,45.2,42.0,Objets connectes,historique
2025-12-01,26.1,5.0,47.5,11.0,Objets connectes,historique
2025-12-02,23.4,2.2,45.1,19.0,Objets connectes,historique
2025-12-03,22.3,1.9,43.8,14.0,Objets connectes,historique
2025-12-04,23.8,3.3,45.5,22.0,Objets connectes,historique
2025-12-05,24.0,0.5,45.4,23.0,Objets connectes,historique
2025-12-06,26.1,3.5,47.0,15.0,Objets connectes,historique
2025-12-07,23.9,2.1,44.4,15.0,Objets connectes,historique
2025-12-08,26.5,5.8,47.8,25.0,Objets connectes,historique
2025-12-09,23.9,1.2,44.3,18.0,Objets connectes,historique
2025-12-10,22.7,0.6,44.6,17.0,Objets connectes,historique
2025-12-11,24.2,4.0,46.9,10.0,Objets connectes,historique
2025-12-12,24.4,2.8,46.5,20.0,Objets connectes,historique
2025-12-13,26.6,5.8,48.6,15.0,Objets connectes,historique
2025-12-14,24.3,4.3,44.9,18.0,Objets connectes,historique
2025-12-15,27.0,4.9,48.1,39.0,Objets connectes,historique
2025-12-16,24.3,2.0,46.4,30.0,Objets connectes,historique
2025-12-17,23.2,1.8,44.0,27.0,Objets connectes,historique
2025-12-18,24.6,1.9,45.3,25.0,Objets connectes,historique
2025-12-19,24.9,3.1,46.0,37.0,Objets connectes,historique
2025-12-20,27.0,5.9,48.0,29.0,Objets connectes,historique
2025-12-21,24.7,2.8,46.1,29.0,Objets connectes,historique
2025-12-22,27.4,5.8,47.2,40.0,Objets connectes,historique
2025-12-23,24.8,4.6,46.4,27.0,Objets connectes,historique
2025-12-24,23.6,1.3,42.7,41.0,Objets connectes,historique
2025-12-25,25.1,5.1,45.7,41.0,Objets connectes,historique
2025-12-26,25.3,5.0,45.7,41.0,Objets connectes,historique
2025-12-27,27.4,4.2,47.9,41.0,Objets connectes,historique
2025-12-28,25.2,4.3,45.9,37.0,Objets connectes,historique
2025-12-29,27.9,5.4,50.0,37.0,Objets connectes,historique
2025-12-30,25.2,4.7,45.1,25.0,Objets connectes,historique
2025-12-31,24.1,3.3,45.9,28.0,Objets connectes,historique
2026-01-01,25.5,2.9,45.7,15.0,Objets connectes,historique
2026-01-02,25.8,5.9,46.5,16.0,Objets connectes,historique
2026-01-03,27.9,7.7,49.5,18.0,Objets connectes,historique
2026-01-04,25.6,4.8,46.2,9.0,Objets connectes,historique
2026-01-05,28.3,7.2,49.9,5.0,Objets connectes,historique
2026-01-06,25.7,3.8,47.2,17.0,Objets connectes,historique
2026-01-07,24.5,3.6,46.3,15.0,Objets connectes,historique
2026-01-08,26.0,4.5,48.1,11.0,Objets connectes,historique
2026-01-09,26.3,6.2,46.6,25.0,Objets connectes,historique
2026-01-10,28.4,7.6,50.2,22.0,Objets connectes,historique
2026-01-11,26.1,4.9,47.7,17.0,Objets connectes,historique
2026-01-12,28.8,6.9,51.2,14.0,Objets connectes,historique
2026-01-13,26.2,5.1,46.6,32.0,Objets connectes,historique
2026-01-14,25.0,2.6,44.1,18.0,Objets connectes,historique
2026-01-15,26.5,5.5,47.2,22.0,Objets connectes,historique
2026-01-16,26.8,6.2,47.7,13.0,Objets connectes,historique
2026-01-17,28.9,7.2,50.3,20.0,Objets connectes,historique
2026-01-18,26.7,6.3,48.2,20.0,Objets connectes,historique
2026-01-19,29.4,8.9,50.0,27.0,Objets connectes,historique
2026-01-20,26.7,4.5,47.9,18.0,Objets connectes,historique
2026-01-21,25.6,4.8,46.5,19.0,Objets connectes,historique
2026-01-22,27.1,4.2,48.5,23.0,Objets connectes,historique
2026-01-23,27.4,5.3,48.4,11.0,Objets connectes,historique
2026-01-24,29.5,7.9,51.1,19.0,Objets connectes,historique
2026-01-25,27.3,5.0,48.7,16.0,Objets connectes,historique
2026-01-26,29.9,9.2,50.3,20.0,Objets connectes,historique
2026-01-27,27.3,4.1,47.7,25.0,Objets connectes,historique
2026-01-28,26.2,5.5,47.5,23.0,Objets connectes,historique
2026-01-29,27.7,5.7,48.9,26.0,Objets connectes,historique
2026-01-30,28.0,7.5,48.0,20.0,Objets connectes,historique
2026-01-31,30.1,9.4,51.2,22.0,Objets connectes,historique
2026-02-01,27.9,6.5,48.9,15.0,Objets connectes,historique
2026-02-02,30.6,10.3,51.2,13.0,Objets connectes,historique
2026-02-03,28.0,7.7,49.2,20.0,Objets connectes,historique
2026-02-04,26.9,5.2,47.8,11.0,Objets connectes,historique
2026-02-05,28.4,8.5,47.9,20.0,Objets connectes,historique
2026-02-06,28.6,8.1,49.1,15.0,Objets connectes,historique
2026-02-07,30.8,9.2,50.9,20.0,Objets connectes,historique
2026-02-08,28.6,6.8,49.2,25.0,Objets connectes,historique
2026-02-09,31.3,9.7,52.8,38.0,Objets connectes,historique
2026-02-10,28.7,6.9,50.2,68.0,Objets connectes,historique
2026-02-11,27.6,6.7,47.2,41.0,Objets connectes,historique
2026-02-12,29.1,9.2,50.5,61.0,Objets connectes,historique
2026-02-13,29.4,8.3,50.0,59.0,Objets connectes,historique
2026-02-14,31.5,10.5,53.1,49.0,Objets connectes,historique
2026-02-15,29.3,7.5,50.8,59.0,Objets connectes,historique
2026-02-16,32.0,10.6,54.7,62.0,Objets connectes,historique
2026-02-17,29.4,9.3,51.2,16.0,Objets connectes,historique
2026-02-18,28.3,7.8,49.0,24.0,Objets connectes,historique
2026-02-19,29.8,10.1,51.5,19.0,Objets connectes,historique
2026-02-20,30.1,7.2,52.3,15.0,Objets connectes,historique
2026-02-21,32.3,12.4,53.0,21.0,Objets connectes,historique
2026-02-22,30.1,8.0,50.9,26.0,Objets connectes,historique
2026-02-23,32.8,11.9,55.4,26.0,Objets connectes,historique
2026-02-24,30.2,9.5,50.7,24.0,Objets connectes,historique
2026-02-25,29.1,9.1,50.1,21.0,Objets connectes,historique
2026-02-26,30.6,10.6,53.5,33.0,Objets connectes,historique
2026-02-27,30.9,9.3,52.4,35.0,Objets connectes,historique
2026-02-28,33.1,10.5,54.1,25.0,Objets connectes,historique
2026-03-01,30.9,8.7,52.1,19.0,Objets connectes,historique
2026-03-02,33.6,12.1,53.9,28.0,Objets connectes,historique
2026-03-03,31.0,11.4,53.6,12.0,Objets connectes,historique
2026-03-04,29.9,9.1,51.2,22.0,Objets connectes,historique
2026-03-05,31.5,10.3,53.2,16.0,Objets connectes,historique
2026-03-06,31.8,11.3,54.1,22.0,Objets connectes,historique
2026-03-07,33.9,12.0,54.5,10.0,Objets connectes,historique
2026-03-08,31.7,11.0,55.2,23.0,Objets connectes,historique
2026-03-09,34.5,12.2,55.4,33.0,Objets connectes,historique
2026-03-10,31.9,10.6,52.6,31.0,Objets connectes,historique
2026-03-11,30.8,10.9,52.8,13.0,Objets connectes,historique
2026-03-12,32.3,11.6,53.5,13.0,Objets connectes,historique
2026-03-13,32.6,10.8,54.2,26.0,Objets connectes,historique
2026-03-14,34.8,14.0,57.3,22.0,Objets connectes,historique
2026-03-15,32.6,11.3,55.3,21.0,Objets connectes,historique
2026-03-16,35.4,14.7,56.8,21.0,Objets connectes,historique
2026-03-17,32.8,11.5,54.0,21.0,Objets connectes,historique
2026-03-18,31.7,11.7,53.1,51.0,Objets connectes,historique
2026-03-19,33.3,11.8,53.6,53.0,Objets connectes,historique
2026-03-20,33.6,13.5,55.0,59.0,Objets connectes,historique
2026-03-21,35.8,13.4,56.3,62.0,Objets connectes,historique
2026-03-22,33.6,11.7,53.5,53.0,Objets connectes,historique
2026-03-23,36.3,14.5,56.9,55.0,Objets connectes,historique
2026-03-24,33.7,12.3,53.7,69.0,Objets connectes,historique
2026-03-25,32.7,11.1,53.9,68.0,Objets connectes,historique
2026-03-26,34.2,13.7,56.3,21.0,Objets connectes,historique
2026-03-27,34.5,14.5,55.7,27.0,Objets connectes,historique
2026-03-28,36.7,16.0,58.1,33.0,Objets connectes,historique
2026-03-29,34.5,12.5,55.9,21.0,Objets connectes,historique
2026-03-30,37.3,15.2,57.3,26.0,Objets connectes,historique
2026-03-31,34.7,14.5,56.1,35.0,Objets connectes,historique
2026-04-01,33.6,13.8,56.2,59.0,Objets connectes,historique
2026-04-02,35.2,15.9,55.6,62.0,Objets connectes,historique
2026-04-03,35.5,15.3,55.8,74.0,Objets connectes,historique
2026-04-04,37.7,17.2,58.2,68.0,Objets connectes,historique
2026-04-05,35.5,15.2,57.6,72.0,Objets connectes,historique
2026-04-06,38.3,15.6,59.8,59.0,Objets connectes,historique
2026-04-07,35.7,14.5,58.1,66.0,Objets connectes,historique
2026-04-08,34.6,13.4,55.9,16.0,Objets connectes,historique
2026-04-09,36.2,15.2,56.5,25.0,Objets connectes,historique
2026-04-10,36.5,15.5,56.2,18.0,Objets connectes,historique
2026-04-11,38.7,16.9,58.8,23.0,Objets connectes,historique
2026-04-12,36.5,14.0,57.0,19.0,Objets connectes,historique
2026-04-13,39.3,19.4,59.7,34.0,Objets connectes,historique
2026-04-14,36.7,15.4,57.5,12.0,Objets connectes,historique
2026-04-15,35.7,14.8,56.0,19.0,Objets connectes,historique
2026-04-16,37.2,16.4,57.0,30.0,Objets connectes,historique
2026-04-17,37.5,17.2,59.5,23.0,Objets connectes,historique
2026-04-18,39.7,18.5,61.2,26.0,Objets connectes,historique
2026-04-19,37.6,17.3,60.5,18.0,Objets connectes,historique
2026-04-20,40.3,18.0,61.0,38.0,Objets connectes,historique
2026-04-21,37.8,15.9,57.7,36.0,Objets connectes,historique
2026-04-22,36.7,15.2,56.0,26.0,Objets connectes,historique
2026-04-23,38.3,16.7,59.4,36.0,Objets connectes,historique
2026-04-24,38.6,18.0,60.5,20.0,Objets connectes,historique
2026-04-25,40.8,19.5,61.8,29.0,Objets connectes,historique
2026-04-26,38.6,16.9,59.7,21.0,Objets connectes,historique
2026-04-27,41.4,20.8,62.2,26.0,Objets connectes,historique
2026-04-28,38.8,18.9,58.9,18.0,Objets connectes,historique
2026-04-29,37.8,17.6,60.2,42.0,Objets connectes,historique
2026-04-30,39.3,18.1,58.9,33.0,Objets connectes,historique
2026-05-01,39.6,18.8,61.8,44.0,Objets connectes,historique
2026-05-02,41.8,18.4,64.1,36.0,Objets connectes,historique
2026-05-03,39.7,19.7,60.5,29.0,Objets connectes,historique
2026-05-04,42.4,22.3,63.2,29.0,Objets connectes,historique
2026-05-05,39.9,19.3,61.2,29.0,Objets connectes,historique
2026-05-06,38.8,17.2,59.3,24.0,Objets connectes,historique
2026-05-07,40.4,18.6,61.1,47.0,Objets connectes,historique
2026-05-08,40.7,19.3,61.6,32.0,Objets connectes,historique
2026-05-09,42.9,22.3,63.4,32.0,Objets connectes,historique
2026-05-10,40.7,19.7,61.4,31.0,Objets connectes,historique
2026-05-11,43.5,22.4,63.9,20.0,Objets connectes,historique
2026-05-12,40.9,19.9,61.4,21.0,Objets connectes,historique
2026-05-13,39.9,19.2,60.5,28.0,Objets connectes,historique
2026-05-14,41.4,20.0,62.3,28.0,Objets connectes,historique
2026-05-15,41.8,22.4,63.1,33.0,Objets connectes,historique
2026-05-16,44.0,23.0,65.2,19.0,Objets connectes,historique
2026-05-17,41.8,20.4,63.5,27.0,Objets connectes,historique
2026-05-18,44.6,22.6,66.6,22.0,Objets connectes,historique
2026-05-19,42.0,22.2,63.9,36.0,Objets connectes,historique
2026-05-20,40.9,20.5,62.3,40.0,Objets connectes,historique
2026-05-21,42.5,21.3,63.0,23.0,Objets connectes,historique
2026-05-22,42.8,22.6,64.5,18.0,Objets connectes,historique
2026-05-23,45.0,25.2,67.0,20.0,Objets connectes,historique
2026-05-24,42.9,21.5,65.0,28.0,Objets connectes,historique
2026-05-25,45.6,25.2,65.3,65.0,Objets connectes,historique
2026-05-26,43.0,22.7,64.2,53.0,Objets connectes,historique
2026-05-27,42.0,19.8,63.2,63.0,Objets connectes,historique
2026-05-28,43.6,22.3,64.8,59.0,Objets connectes,historique
2026-05-29,43.9,23.1,63.6,66.0,Objets connectes,historique
2026-05-30,46.1,25.3,67.7,51.0,Objets connectes,historique
2026-05-31,43.9,23.9,65.1,63.0,Objets connectes,historique
2026-06-01,46.7,25.4,67.5,55.0,Objets connectes,historique
2026-06-02,44.1,21.9,64.6,52.0,Objets connectes,historique
2026-06-03,43.0,23.0,65.9,60.0,Objets connectes,historique
2026-06-04,44.6,23.2,67.0,73.0,Objets connectes,historique
2026-06-05,44.9,24.7,64.6,64.0,Objets connectes,historique
2026-06-06,47.1,26.8,69.2,40.0,Objets connectes,historique
2026-06-07,45.0,23.8,68.3,43.0,Objets connectes,historique
2026-06-08,47.7,26.8,66.8,35.0,Objets connectes,historique
2026-06-09,45.2,24.8,69.1,44.0,Objets connectes,historique
2026-06-10,44.1,22.5,65.6,31.0,Objets connectes,historique
2026-06-11,45.7,24.5,66.6,25.0,Objets connectes,historique
2026-06-12,46.0,25.2,67.8,41.0,Objets connectes,historique
2026-06-13,48.2,27.1,70.1,70.0,Objets connectes,historique
2026-06-14,46.0,23.0,67.5,38.0,Objets connectes,historique
2026-06-15,48.8,25.5,69.5,31.0,Objets connectes,historique
2026-06-16,46.2,25.5,67.5,49.0,Objets connectes,historique
2026-06-17,45.2,24.1,68.3,39.0,Objets connectes,historique
2026-06-18,46.7,27.4,69.2,34.0,Objets connectes,historique
2026-06-19,47.1,26.4,68.2,33.0,Objets connectes,historique
2026-06-20,49.3,27.0,70.4,165.0,Objets connectes,historique
2026-06-21,47.1,25.6,68.4,164.0,Objets connectes,historique
2026-06-22,49.9,27.9,69.8,134.0,Objets connectes,historique
2026-06-23,47.3,25.8,68.0,63.0,Objets connectes,historique
2026-06-24,46.2,24.9,65.1,41.0,Objets connectes,historique
2026-06-25,47.8,26.5,68.0,42.0,Objets connectes,historique
2026-06-26,48.1,27.2,69.8,53.0,Objets connectes,historique
2026-06-27,50.3,30.3,71.9,36.0,Objets connectes,historique
2026-06-28,48.2,28.7,68.4,58.0,Objets connectes,historique
2026-06-29,50.9,29.7,73.6,46.0,Objets connectes,historique
2026-06-30,48.3,25.5,69.6,26.0,Objets connectes,historique
2026-07-01,47.3,25.6,69.2,,Objets connectes,prevision
2026-07-02,48.8,28.8,69.9,,Objets connectes,prevision
2026-07-03,49.2,28.3,70.2,,Objets connectes,prevision
2026-07-04,51.4,30.5,72.2,,Objets connectes,prevision
2026-07-05,49.2,28.0,70.0,,Objets connectes,prevision
2026-07-06,52.0,30.8,71.5,,Objets connectes,prevision
2026-07-07,49.4,28.3,70.3,,Objets connectes,prevision
2026-07-08,48.3,27.4,69.2,,Objets connectes,prevision
2026-07-09,49.9,28.5,71.8,,Objets connectes,prevision
2026-07-10,50.2,29.4,72.4,,Objets connectes,prevision
2026-07-11,52.4,30.5,74.5,,Objets connectes,prevision
2026-07-12,50.3,29.7,72.4,,Objets connectes,prevision
2026-07-13,53.0,32.7,73.1,,Objets connectes,prevision
2026-07-14,50.5,30.0,72.7,,Objets connectes,prevision
2026-07-15,49.4,27.5,70.6,,Objets connectes,prevision
2026-07-16,51.0,30.0,72.5,,Objets connectes,prevision
2026-07-17,51.3,29.1,73.7,,Objets connectes,prevision
2026-07-18,53.5,33.0,74.7,,Objets connectes,prevision
2026-07-19,51.3,30.3,73.4,,Objets connectes,prevision
2026-07-20,54.1,31.6,75.5,,Objets connectes,prevision
2026-07-21,51.5,31.0,74.6,,Objets connectes,prevision
2026-07-22,50.5,28.9,70.8,,Objets connectes,prevision
2026-07-23,52.0,30.8,73.7,,Objets connectes,prevision
2026-07-24,52.4,30.0,71.8,,Objets connectes,prevision
2026-07-25,54.6,33.1,75.4,,Objets connectes,prevision
2026-07-26,52.4,31.3,72.3,,Objets connectes,prevision
2026-07-27,55.1,33.2,75.4,,Objets connectes,prevision
2026-07-28,52.6,30.3,72.6,,Objets connectes,prevision
2026-07-29,51.5,29.9,71.4,,Objets connectes,prevision
2026-07-30,53.1,32.5,72.7,,Objets connectes,prevision
2025-07-01,9.4,-9.3,28.1,5.0,Ordinateurs,historique
2025-07-02,10.7,-6.9,29.9,9.0,Ordinateurs,historique
2025-07-03,10.2,-7.2,29.0,3.0,Ordinateurs,historique
2025-07-04,9.8,-8.0,28.2,16.0,Ordinateurs,historique
2025-07-05,11.4,-7.2,28.9,11.0,Ordinateurs,historique
2025-07-06,11.8,-5.5,29.7,10.0,Ordinateurs,historique
2025-07-07,12.4,-5.2,30.3,14.0,Ordinateurs,historique
2025-07-08,9.8,-10.1,27.6,9.0,Ordinateurs,historique
2025-07-09,11.0,-7.1,30.6,10.0,Ordinateurs,historique
2025-07-10,10.5,-5.7,29.5,14.0,Ordinateurs,historique
2025-07-11,10.2,-8.3,28.4,10.0,Ordinateurs,historique
2025-07-12,11.7,-5.9,30.8,10.0,Ordinateurs,historique
2025-07-13,12.1,-6.1,31.3,7.0,Ordinateurs,historique
2025-07-14,12.8,-4.8,31.5,7.0,Ordinateurs,historique
2025-07-15,10.1,-7.5,27.7,6.0,Ordinateurs,historique
2025-07-16,11.4,-7.6,29.8,11.0,Ordinateurs,historique
2025-07-17,10.9,-7.2,29.7,12.0,Ordinateurs,historique
2025-07-18,10.5,-8.4,29.0,13.0,Ordinateurs,historique
2025-07-19,12.1,-6.4,30.0,23.0,Ordinateurs,historique
2025-07-20,12.5,-5.1,31.0,14.0,Ordinateurs,historique
2025-07-21,13.2,-4.9,31.6,12.0,Ordinateurs,historique
2025-07-22,10.5,-7.8,30.7,13.0,Ordinateurs,historique
2025-07-23,11.7,-6.7,28.8,10.0,Ordinateurs,historique
2025-07-24,11.3,-6.7,29.9,13.0,Ordinateurs,historique
2025-07-25,10.9,-6.7,29.0,13.0,Ordinateurs,historique
2025-07-26,12.4,-6.0,30.0,5.0,Ordinateurs,historique
2025-07-27,12.9,-5.0,29.9,5.0,Ordinateurs,historique
2025-07-28,13.5,-5.0,31.9,8.0,Ordinateurs,historique
2025-07-29,10.8,-7.0,28.1,6.0,Ordinateurs,historique
2025-07-30,12.1,-5.3,30.0,14.0,Ordinateurs,historique
2025-07-31,11.6,-6.4,30.8,7.0,Ordinateurs,historique
2025-08-01,11.2,-6.9,29.4,8.0,Ordinateurs,historique
2025-08-02,12.8,-4.0,30.5,8.0,Ordinateurs,historique
2025-08-03,13.2,-4.8,32.7,7.0,Ordinateurs,historique
2025-08-04,13.9,-2.8,31.0,12.0,Ordinateurs,historique
2025-08-05,11.2,-6.9,29.7,11.0,Ordinateurs,historique
2025-08-06,12.4,-6.5,30.8,9.0,Ordinateurs,historique
2025-08-07,12.0,-5.9,31.6,13.0,Ordinateurs,historique
2025-08-08,11.6,-7.2,29.4,9.0,Ordinateurs,historique
2025-08-09,13.2,-5.0,32.0,12.0,Ordinateurs,historique
2025-08-10,13.6,-3.8,33.2,17.0,Ordinateurs,historique
2025-08-11,14.2,-3.4,33.5,8.0,Ordinateurs,historique
2025-08-12,11.5,-6.9,30.2,10.0,Ordinateurs,historique
2025-08-13,12.8,-4.0,31.1,9.0,Ordinateurs,historique
2025-08-14,12.3,-5.8,29.8,5.0,Ordinateurs,historique
2025-08-15,11.9,-5.2,29.4,13.0,Ordinateurs,historique
2025-08-16,13.5,-5.5,31.7,10.0,Ordinateurs,historique
2025-08-17,13.9,-4.2,33.4,10.0,Ordinateurs,historique
2025-08-18,14.6,-4.3,32.3,7.0,Ordinateurs,historique
2025-08-19,11.9,-6.9,30.8,21.0,Ordinateurs,historique
2025-08-20,13.2,-4.5,32.0,11.0,Ordinateurs,historique
2025-08-21,12.7,-5.8,32.2,10.0,Ordinateurs,historique
2025-08-22,12.3,-6.9,30.6,14.0,Ordinateurs,historique
2025-08-23,13.9,-3.3,32.3,18.0,Ordinateurs,historique
2025-08-24,14.3,-4.6,31.4,12.0,Ordinateurs,historique
2025-08-25,14.9,-3.6,32.6,8.0,Ordinateurs,historique
2025-08-26,12.3,-6.1,30.4,16.0,Ordinateurs,historique
2025-08-27,13.5,-4.5,30.3,9.0,Ordinateurs,historique
2025-08-28,13.0,-5.8,31.4,15.0,Ordinateurs,historique
2025-08-29,12.6,-5.3,31.4,11.0,Ordinateurs,historique
2025-08-30,14.2,-3.6,31.8,17.0,Ordinateurs,historique
2025-08-31,14.6,-2.7,32.5,11.0,Ordinateurs,historique
2025-09-01,15.3,-2.9,33.9,19.0,Ordinateurs,historique
2025-09-02,12.6,-4.6,29.6,16.0,Ordinateurs,historique
2025-09-03,13.9,-4.8,32.2,22.0,Ordinateurs,historique
2025-09-04,13.4,-4.6,32.2,18.0,Ordinateurs,historique
2025-09-05,13.0,-3.8,30.2,19.0,Ordinateurs,historique
2025-09-06,14.6,-2.3,33.5,12.0,Ordinateurs,historique
2025-09-07,15.0,-3.2,33.0,24.0,Ordinateurs,historique
2025-09-08,15.7,-2.9,34.3,16.0,Ordinateurs,historique
2025-09-09,13.0,-5.4,32.1,19.0,Ordinateurs,historique
2025-09-10,14.2,-5.2,31.2,22.0,Ordinateurs,historique
2025-09-11,13.7,-3.5,32.1,17.0,Ordinateurs,historique
2025-09-12,13.4,-5.3,31.5,22.0,Ordinateurs,historique
2025-09-13,14.9,-2.8,33.5,22.0,Ordinateurs,historique
2025-09-14,15.4,-2.1,33.7,9.0,Ordinateurs,historique
2025-09-15,16.0,-2.5,34.3,15.0,Ordinateurs,historique
2025-09-16,13.3,-4.7,30.3,12.0,Ordinateurs,historique
2025-09-17,14.6,-4.2,31.5,16.0,Ordinateurs,historique
2025-09-18,14.1,-3.8,33.3,22.0,Ordinateurs,historique
2025-09-19,13.7,-3.7,33.1,25.0,Ordinateurs,historique
2025-09-20,15.3,-3.6,33.5,19.0,Ordinateurs,historique
2025-09-21,15.7,-0.3,34.5,21.0,Ordinateurs,historique
2025-09-22,16.4,-1.3,34.5,16.0,Ordinateurs,historique
2025-09-23,13.7,-4.6,32.3,16.0,Ordinateurs,historique
2025-09-24,14.9,-3.5,33.1,12.0,Ordinateurs,historique
2025-09-25,14.5,-4.0,31.7,25.0,Ordinateurs,historique
2025-09-26,14.1,-4.9,32.5,19.0,Ordinateurs,historique
2025-09-27,15.6,-3.2,33.3,20.0,Ordinateurs,historique
2025-09-28,16.1,-2.6,34.5,24.0,Ordinateurs,historique
2025-09-29,16.7,-1.2,35.2,18.0,Ordinateurs,historique
2025-09-30,14.0,-4.5,32.9,22.0,Ordinateurs,historique
2025-10-01,15.3,-2.8,33.7,7.0,Ordinateurs,historique
2025-10-02,14.8,-3.8,32.1,8.0,Ordinateurs,historique
2025-10-03,14.4,-3.4,32.2,14.0,Ordinateurs,historique
2025-10-04,16.0,-0.7,33.2,16.0,Ordinateurs,historique
2025-10-05,16.4,-1.5,35.0,17.0,Ordinateurs,historique
2025-10-06,17.1,-1.1,35.5,13.0,Ordinateurs,historique
2025-10-07,14.4,-3.8,33.0,7.0,Ordinateurs,historique
2025-10-08,15.7,-1.6,33.9,20.0,Ordinateurs,historique
2025-10-09,15.2,-3.8,33.0,6.0,Ordinateurs,historique
2025-10-10,14.8,-4.5,33.6,26.0,Ordinateurs,historique
2025-10-11,16.4,-1.0,34.6,31.0,Ordinateurs,historique
2025-10-12,16.8,-1.6,36.3,28.0,Ordinateurs,historique
2025-10-13,17.4,-1.9,35.8,28.0,Ordinateurs,historique
2025-10-14,14.8,-4.2,32.2,34.0,Ordinateurs,historique
2025-10-15,16.0,-2.4,34.4,20.0,Ordinateurs,historique
2025-10-16,15.5,-3.4,32.5,27.0,Ordinateurs,historique
2025-10-17,15.1,-3.8,34.3,29.0,Ordinateurs,historique
2025-10-18,16.7,-0.6,35.2,21.0,Ordinateurs,historique
2025-10-19,17.1,-2.1,35.1,36.0,Ordinateurs,historique
2025-10-20,17.8,0.0,35.6,23.0,Ordinateurs,historique
2025-10-21,15.1,-2.3,33.1,15.0,Ordinateurs,historique
2025-10-22,16.4,-2.0,33.4,9.0,Ordinateurs,historique
2025-10-23,15.9,-2.8,33.5,13.0,Ordinateurs,historique
2025-10-24,15.5,-2.8,33.0,17.0,Ordinateurs,historique
2025-10-25,17.1,-1.0,35.6,12.0,Ordinateurs,historique
2025-10-26,17.5,-0.3,35.9,11.0,Ordinateurs,historique
2025-10-27,18.1,0.8,36.6,15.0,Ordinateurs,historique
2025-10-28,15.5,-3.5,34.0,6.0,Ordinateurs,historique
2025-10-29,16.7,-1.8,35.1,15.0,Ordinateurs,historique
2025-10-30,16.2,-2.8,34.8,7.0,Ordinateurs,historique
2025-10-31,15.9,-2.2,34.8,13.0,Ordinateurs,historique
2025-11-01,17.4,-1.5,36.2,21.0,Ordinateurs,historique
2025-11-02,17.9,-0.9,35.8,13.0,Ordinateurs,historique
2025-11-03,18.5,0.6,36.3,11.0,Ordinateurs,historique
2025-11-04,15.8,-3.0,32.5,14.0,Ordinateurs,historique
2025-11-05,17.1,-1.7,33.7,12.0,Ordinateurs,historique
2025-11-06,16.6,-0.7,33.2,10.0,Ordinateurs,historique
2025-11-07,16.2,-1.4,35.4,9.0,Ordinateurs,historique
2025-11-08,17.8,0.2,36.5,12.0,Ordinateurs,historique
2025-11-09,18.2,0.2,37.5,8.0,Ordinateurs,historique
2025-11-10,18.9,0.2,36.4,10.0,Ordinateurs,historique
2025-11-11,16.2,-1.6,33.5,12.0,Ordinateurs,historique
2025-11-12,17.4,-0.4,35.0,10.0,Ordinateurs,historique
2025-11-13,17.0,-0.6,34.8,5.0,Ordinateurs,historique
2025-11-14,16.6,-1.1,34.9,20.0,Ordinateurs,historique
2025-11-15,18.1,-0.1,35.9,26.0,Ordinateurs,historique
2025-11-16,18.6,-0.3,37.1,15.0,Ordinateurs,historique
2025-11-17,19.2,2.1,37.5,13.0,Ordinateurs,historique
2025-11-18,16.5,-3.0,34.7,17.0,Ordinateurs,historique
2025-11-19,17.8,-0.6,35.7,17.0,Ordinateurs,historique
2025-11-20,17.3,-0.9,36.9,16.0,Ordinateurs,historique
2025-11-21,16.9,0.4,35.9,13.0,Ordinateurs,historique
2025-11-22,18.5,1.2,36.9,6.0,Ordinateurs,historique
2025-11-23,18.9,0.1,37.5,13.0,Ordinateurs,historique
2025-11-24,19.6,2.2,39.0,58.0,Ordinateurs,historique
2025-11-25,16.9,-0.5,34.8,26.0,Ordinateurs,historique
2025-11-26,18.2,1.2,37.2,45.0,Ordinateurs,historique
2025-11-27,17.7,-0.8,36.1,52.0,Ordinateurs,historique
2025-11-28,17.3,-0.4,35.1,39.0,Ordinateurs,historique
2025-11-29,18.9,0.1,36.7,30.0,Ordinateurs,historique
2025-11-30,19.3,0.2,36.4,44.0,Ordinateurs,historique
2025-12-01,19.9,1.5,39.4,11.0,Ordinateurs,historique
2025-12-02,17.3,-0.7,36.2,11.0,Ordinateurs,historique
2025-12-03,18.5,1.0,35.8,7.0,Ordinateurs,historique
2025-12-04,18.0,-0.2,36.0,19.0,Ordinateurs,historique
2025-12-05,17.6,-0.9,36.6,4.0,Ordinateurs,historique
2025-12-06,19.2,0.9,37.6,8.0,Ordinateurs,historique
2025-12-07,19.6,1.7,38.5,11.0,Ordinateurs,historique
2025-12-08,20.3,2.5,37.9,17.0,Ordinateurs,historique
2025-12-09,17.6,-0.3,34.8,18.0,Ordinateurs,historique
2025-12-10,18.9,0.6,37.9,12.0,Ordinateurs,historique
2025-12-11,18.4,1.5,37.6,10.0,Ordinateurs,historique
2025-12-12,18.0,-0.2,35.5,11.0,Ordinateurs,historique
2025-12-13,19.6,2.7,37.4,16.0,Ordinateurs,historique
2025-12-14,20.0,1.6,38.2,16.0,Ordinateurs,historique
2025-12-15,20.7,3.1,38.5,20.0,Ordinateurs,historique
2025-12-16,18.0,0.6,36.8,27.0,Ordinateurs,historique
2025-12-17,19.2,1.7,37.2,27.0,Ordinateurs,historique
2025-12-18,18.8,1.1,36.6,28.0,Ordinateurs,historique
2025-12-19,18.4,1.3,36.2,24.0,Ordinateurs,historique
2025-12-20,19.9,2.5,38.6,24.0,Ordinateurs,historique
2025-12-21,20.4,2.6,38.2,29.0,Ordinateurs,historique
2025-12-22,21.0,2.3,39.3,26.0,Ordinateurs,historique
2025-12-23,18.3,-0.4,36.9,27.0,Ordinateurs,historique
2025-12-24,19.6,0.9,37.9,18.0,Ordinateurs,historique
2025-12-25,19.1,1.3,36.9,29.0,Ordinateurs,historique
2025-12-26,18.7,-0.6,35.9,30.0,Ordinateurs,historique
2025-12-27,20.3,3.4,39.0,13.0,Ordinateurs,historique
2025-12-28,20.8,1.8,39.0,25.0,Ordinateurs,historique
2025-12-29,21.4,2.7,40.4,21.0,Ordinateurs,historique
2025-12-30,18.7,0.9,37.7,32.0,Ordinateurs,historique
2025-12-31,20.0,1.3,38.3,29.0,Ordinateurs,historique
2026-01-01,19.5,0.1,37.5,17.0,Ordinateurs,historique
2026-01-02,19.1,0.6,36.4,13.0,Ordinateurs,historique
2026-01-03,20.7,1.5,38.9,13.0,Ordinateurs,historique
2026-01-04,21.1,1.6,39.6,13.0,Ordinateurs,historique
2026-01-05,21.8,2.7,38.0,16.0,Ordinateurs,historique
2026-01-06,19.1,1.6,37.3,15.0,Ordinateurs,historique
2026-01-07,20.4,2.7,39.7,9.0,Ordinateurs,historique
2026-01-08,19.9,2.0,38.8,21.0,Ordinateurs,historique
2026-01-09,19.6,1.6,37.3,9.0,Ordinateurs,historique
2026-01-10,21.1,3.0,41.3,13.0,Ordinateurs,historique
2026-01-11,21.6,3.8,40.5,19.0,Ordinateurs,historique
2026-01-12,22.2,3.7,39.6,18.0,Ordinateurs,historique
2026-01-13,19.6,2.0,38.6,10.0,Ordinateurs,historique
2026-01-14,20.8,3.6,39.4,19.0,Ordinateurs,historique
2026-01-15,20.4,2.9,38.6,13.0,Ordinateurs,historique
2026-01-16,20.0,0.4,37.4,19.0,Ordinateurs,historique
2026-01-17,21.6,2.2,39.8,10.0,Ordinateurs,historique
2026-01-18,22.0,5.4,40.9,5.0,Ordinateurs,historique
2026-01-19,22.7,3.8,40.9,19.0,Ordinateurs,historique
2026-01-20,20.0,0.4,39.6,20.0,Ordinateurs,historique
2026-01-21,21.3,2.5,39.3,14.0,Ordinateurs,historique
2026-01-22,20.8,2.8,38.7,10.0,Ordinateurs,historique
2026-01-23,20.5,1.8,37.3,14.0,Ordinateurs,historique
2026-01-24,22.1,4.6,40.2,18.0,Ordinateurs,historique
2026-01-25,22.5,3.1,40.4,18.0,Ordinateurs,historique
2026-01-26,23.2,5.3,41.6,20.0,Ordinateurs,historique
2026-01-27,20.5,2.1,38.7,17.0,Ordinateurs,historique
2026-01-28,21.8,3.4,40.2,14.0,Ordinateurs,historique
2026-01-29,21.3,4.1,40.0,23.0,Ordinateurs,historique
2026-01-30,21.0,1.8,40.0,15.0,Ordinateurs,historique
2026-01-31,22.5,4.7,41.1,15.0,Ordinateurs,historique
2026-02-01,23.0,4.2,40.5,16.0,Ordinateurs,historique
2026-02-02,23.7,5.6,42.2,19.0,Ordinateurs,historique
2026-02-03,21.0,2.8,39.6,16.0,Ordinateurs,historique
2026-02-04,22.3,2.3,39.9,13.0,Ordinateurs,historique
2026-02-05,21.8,4.0,40.2,9.0,Ordinateurs,historique
2026-02-06,21.5,2.9,39.6,6.0,Ordinateurs,historique
2026-02-07,23.1,4.8,41.3,14.0,Ordinateurs,historique
2026-02-08,23.5,4.8,41.1,12.0,Ordinateurs,historique
2026-02-09,24.2,5.2,42.9,13.0,Ordinateurs,historique
2026-02-10,21.5,3.4,39.1,42.0,Ordinateurs,historique
2026-02-11,22.8,5.5,41.8,50.0,Ordinateurs,historique
2026-02-12,22.4,4.7,40.3,58.0,Ordinateurs,historique
2026-02-13,22.0,3.3,40.9,46.0,Ordinateurs,historique
2026-02-14,23.6,5.9,41.1,56.0,Ordinateurs,historique
2026-02-15,24.1,5.2,42.8,44.0,Ordinateurs,historique
2026-02-16,24.8,6.6,42.8,57.0,Ordinateurs,historique
2026-02-17,22.1,3.6,40.9,27.0,Ordinateurs,historique
2026-02-18,23.4,4.0,41.3,16.0,Ordinateurs,historique
2026-02-19,22.9,4.7,40.1,9.0,Ordinateurs,historique
2026-02-20,22.6,4.5,41.2,18.0,Ordinateurs,historique
2026-02-21,24.2,6.6,43.2,18.0,Ordinateurs,historique
2026-02-22,24.7,5.9,43.6,18.0,Ordinateurs,historique
2026-02-23,25.3,6.1,44.4,32.0,Ordinateurs,historique
2026-02-24,22.7,5.1,41.6,14.0,Ordinateurs,historique
2026-02-25,24.0,6.2,41.1,15.0,Ordinateurs,historique
2026-02-26,23.5,5.8,41.1,2.0,Ordinateurs,historique
2026-02-27,23.2,4.3,41.7,21.0,Ordinateurs,historique
2026-02-28,24.8,6.1,42.3,11.0,Ordinateurs,historique
2026-03-01,25.3,6.8,43.8,17.0,Ordinateurs,historique
2026-03-02,25.9,8.8,44.4,10.0,Ordinateurs,historique
2026-03-03,23.3,6.0,41.8,20.0,Ordinateurs,historique
2026-03-04,24.6,5.7,41.9,24.0,Ordinateurs,historique
2026-03-05,24.2,5.4,41.7,18.0,Ordinateurs,historique
2026-03-06,23.8,6.7,42.0,12.0,Ordinateurs,historique
2026-03-07,25.4,6.3,44.5,12.0,Ordinateurs,historique
2026-03-08,25.9,7.4,44.3,19.0,Ordinateurs,historique
2026-03-09,26.6,8.1,44.4,8.0,Ordinateurs,historique
2026-03-10,24.0,5.3,42.4,24.0,Ordinateurs,historique
2026-03-11,25.2,7.4,42.7,25.0,Ordinateurs,historique
2026-03-12,24.8,6.4,44.1,21.0,Ordinateurs,historique
2026-03-13,24.5,7.1,43.2,17.0,Ordinateurs,historique
2026-03-14,26.1,8.5,44.4,20.0,Ordinateurs,historique
2026-03-15,26.5,7.3,43.6,10.0,Ordinateurs,historique
2026-03-16,27.2,9.7,46.2,17.0,Ordinateurs,historique
2026-03-17,24.6,5.8,42.2,18.0,Ordinateurs,historique
2026-03-18,25.9,7.5,44.4,65.0,Ordinateurs,historique
2026-03-19,25.5,6.0,43.4,56.0,Ordinateurs,historique
2026-03-20,25.1,8.1,44.5,48.0,Ordinateurs,historique
2026-03-21,26.8,8.9,45.8,46.0,Ordinateurs,historique
2026-03-22,27.2,9.7,46.4,42.0,Ordinateurs,historique
2026-03-23,27.9,9.5,46.3,41.0,Ordinateurs,historique
2026-03-24,25.3,6.9,43.7,31.0,Ordinateurs,historique
2026-03-25,26.6,7.4,45.3,52.0,Ordinateurs,historique
2026-03-26,26.1,8.2,44.0,21.0,Ordinateurs,historique
2026-03-27,25.8,6.8,43.7,24.0,Ordinateurs,historique
2026-03-28,27.4,8.8,45.4,31.0,Ordinateurs,historique
2026-03-29,27.9,8.8,45.8,16.0,Ordinateurs,historique
2026-03-30,28.6,10.3,46.9,13.0,Ordinateurs,historique
2026-03-31,26.0,8.4,44.7,12.0,Ordinateurs,historique
2026-04-01,27.3,9.5,45.9,52.0,Ordinateurs,historique
2026-04-02,26.8,9.5,45.3,59.0,Ordinateurs,historique
2026-04-03,26.5,8.7,45.2,56.0,Ordinateurs,historique
2026-04-04,28.1,9.1,44.8,57.0,Ordinateurs,historique
2026-04-05,28.6,10.6,47.1,53.0,Ordinateurs,historique
2026-04-06,29.3,11.4,48.1,53.0,Ordinateurs,historique
2026-04-07,26.7,8.3,46.0,42.0,Ordinateurs,historique
2026-04-08,28.0,9.4,47.0,14.0,Ordinateurs,historique
2026-04-09,27.5,9.9,44.9,30.0,Ordinateurs,historique
2026-04-10,27.2,8.2,46.3,24.0,Ordinateurs,historique
2026-04-11,28.8,10.3,46.5,17.0,Ordinateurs,historique
2026-04-12,29.3,10.0,49.6,27.0,Ordinateurs,historique
2026-04-13,30.0,11.1,47.2,17.0,Ordinateurs,historique
2026-04-14,27.4,10.3,46.2,19.0,Ordinateurs,historique
2026-04-15,28.7,10.6,46.1,19.0,Ordinateurs,historique
2026-04-16,28.2,10.2,45.8,10.0,Ordinateurs,historique
2026-04-17,27.9,9.1,47.1,18.0,Ordinateurs,historique
2026-04-18,29.5,10.9,47.5,16.0,Ordinateurs,historique
2026-04-19,30.0,12.8,49.8,17.0,Ordinateurs,historique
2026-04-20,30.7,12.7,50.5,15.0,Ordinateurs,historique
2026-04-21,28.1,10.3,45.7,33.0,Ordinateurs,historique
2026-04-22,29.4,10.7,47.3,17.0,Ordinateurs,historique
2026-04-23,29.0,10.2,49.1,17.0,Ordinateurs,historique
2026-04-24,28.6,10.8,46.0,9.0,Ordinateurs,historique
2026-04-25,30.3,10.3,47.3,21.0,Ordinateurs,historique
2026-04-26,30.8,12.6,48.8,27.0,Ordinateurs,historique
2026-04-27,31.5,13.7,49.9,23.0,Ordinateurs,historique
2026-04-28,28.8,11.8,46.9,16.0,Ordinateurs,historique
2026-04-29,30.1,11.2,48.7,24.0,Ordinateurs,historique
2026-04-30,29.7,11.7,48.1,17.0,Ordinateurs,historique
2026-05-01,29.4,11.0,48.8,13.0,Ordinateurs,historique
2026-05-02,31.0,12.5,49.7,24.0,Ordinateurs,historique
2026-05-03,31.5,14.5,50.1,18.0,Ordinateurs,historique
2026-05-04,32.2,15.2,49.7,12.0,Ordinateurs,historique
2026-05-05,29.6,12.3,48.7,20.0,Ordinateurs,historique
2026-05-06,30.9,11.9,49.4,16.0,Ordinateurs,historique
2026-05-07,30.5,10.9,48.2,34.0,Ordinateurs,historique
2026-05-08,30.1,11.2,48.9,14.0,Ordinateurs,historique
2026-05-09,31.8,13.3,49.6,16.0,Ordinateurs,historique
2026-05-10,32.2,12.6,49.5,21.0,Ordinateurs,historique
2026-05-11,32.9,14.5,52.2,18.0,Ordinateurs,historique
2026-05-12,30.3,12.0,48.7,21.0,Ordinateurs,historique
2026-05-13,31.6,13.1,48.7,26.0,Ordinateurs,historique
2026-05-14,31.2,13.6,49.1,18.0,Ordinateurs,historique
2026-05-15,30.9,11.9,48.0,18.0,Ordinateurs,historique
2026-05-16,32.5,14.5,51.0,33.0,Ordinateurs,historique
2026-05-17,33.0,13.9,52.0,20.0,Ordinateurs,historique
2026-05-18,33.7,15.2,52.4,25.0,Ordinateurs,historique
2026-05-19,31.1,11.9,49.3,22.0,Ordinateurs,historique
2026-05-20,32.4,13.7,51.7,15.0,Ordinateurs,historique
2026-05-21,31.9,13.5,50.3,24.0,Ordinateurs,historique
2026-05-22,31.6,11.8,49.7,22.0,Ordinateurs,historique
2026-05-23,33.2,14.9,52.4,19.0,Ordinateurs,historique
2026-05-24,33.7,15.0,52.6,21.0,Ordinateurs,historique
2026-05-25,34.4,17.5,53.3,33.0,Ordinateurs,historique
2026-05-26,31.8,14.0,50.2,44.0,Ordinateurs,historique
2026-05-27,33.1,14.1,50.7,46.0,Ordinateurs,historique
2026-05-28,32.7,14.3,52.1,44.0,Ordinateurs,historique
2026-05-29,32.3,14.1,52.5,61.0,Ordinateurs,historique
2026-05-30,34.0,15.4,51.7,52.0,Ordinateurs,historique
2026-05-31,34.5,16.4,53.5,46.0,Ordinateurs,historique
2026-06-01,35.2,16.1,52.8,47.0,Ordinateurs,historique
2026-06-02,32.5,13.9,49.8,47.0,Ordinateurs,historique
2026-06-03,33.8,16.0,52.1,45.0,Ordinateurs,historique
2026-06-04,33.4,13.2,52.4,60.0,Ordinateurs,historique
2026-06-05,33.1,13.7,50.8,41.0,Ordinateurs,historique
2026-06-06,34.7,16.8,52.7,27.0,Ordinateurs,historique
2026-06-07,35.2,15.8,52.7,24.0,Ordinateurs,historique
2026-06-08,35.9,18.2,53.7,24.0,Ordinateurs,historique
2026-06-09,33.3,14.4,51.3,39.0,Ordinateurs,historique
2026-06-10,34.6,16.2,53.4,26.0,Ordinateurs,historique
2026-06-11,34.2,17.3,54.6,12.0,Ordinateurs,historique
2026-06-12,33.8,15.8,52.5,27.0,Ordinateurs,historique
2026-06-13,35.5,16.4,53.3,15.0,Ordinateurs,historique
2026-06-14,35.9,17.3,54.0,42.0,Ordinateurs,historique
2026-06-15,36.6,18.6,56.0,32.0,Ordinateurs,historique
2026-06-16,34.0,14.8,52.0,32.0,Ordinateurs,historique
2026-06-17,35.3,16.9,54.6,34.0,Ordinateurs,historique
2026-06-18,34.9,15.6,53.9,34.0,Ordinateurs,historique
2026-06-19,34.6,15.3,51.8,17.0,Ordinateurs,historique
2026-06-20,36.2,19.1,55.1,125.0,Ordinateurs,historique
2026-06-21,36.7,19.9,55.8,131.0,Ordinateurs,historique
2026-06-22,37.4,18.3,56.1,150.0,Ordinateurs,historique
2026-06-23,34.8,16.6,53.4,24.0,Ordinateurs,historique
2026-06-24,36.1,17.5,54.6,41.0,Ordinateurs,historique
2026-06-25,35.6,15.6,53.9,38.0,Ordinateurs,historique
2026-06-26,35.3,17.5,53.8,37.0,Ordinateurs,historique
2026-06-27,36.9,18.1,55.0,21.0,Ordinateurs,historique
2026-06-28,37.4,19.0,56.3,33.0,Ordinateurs,historique
2026-06-29,38.1,19.7,56.7,43.0,Ordinateurs,historique
2026-06-30,35.5,16.5,54.1,19.0,Ordinateurs,historique
2026-07-01,36.8,20.7,55.2,,Ordinateurs,prevision
2026-07-02,36.4,18.3,55.6,,Ordinateurs,prevision
2026-07-03,36.1,19.0,54.2,,Ordinateurs,prevision
2026-07-04,37.7,18.8,56.6,,Ordinateurs,prevision
2026-07-05,38.2,20.1,56.4,,Ordinateurs,prevision
2026-07-06,38.9,20.4,58.5,,Ordinateurs,prevision
2026-07-07,36.2,17.9,55.0,,Ordinateurs,prevision
2026-07-08,37.5,20.3,56.0,,Ordinateurs,prevision
2026-07-09,37.1,21.1,56.0,,Ordinateurs,prevision
2026-07-10,36.8,18.7,55.6,,Ordinateurs,prevision
2026-07-11,38.4,20.9,56.9,,Ordinateurs,prevision
2026-07-12,38.9,19.8,59.2,,Ordinateurs,prevision
2026-07-13,39.6,19.9,57.3,,Ordinateurs,prevision
2026-07-14,37.0,18.6,53.4,,Ordinateurs,prevision
2026-07-15,38.3,20.3,57.5,,Ordinateurs,prevision
2026-07-16,37.9,19.1,56.4,,Ordinateurs,prevision
2026-07-17,37.5,18.6,55.2,,Ordinateurs,prevision
2026-07-18,39.2,20.4,56.6,,Ordinateurs,prevision
2026-07-19,39.6,20.9,57.4,,Ordinateurs,prevision
2026-07-20,40.3,21.7,57.8,,Ordinateurs,prevision
2026-07-21,37.7,19.3,56.3,,Ordinateurs,prevision
2026-07-22,39.0,20.3,57.1,,Ordinateurs,prevision
2026-07-23,38.6,18.8,55.8,,Ordinateurs,prevision
2026-07-24,38.3,20.0,55.7,,Ordinateurs,prevision
2026-07-25,39.9,21.4,58.2,,Ordinateurs,prevision
2026-07-26,40.4,21.9,57.9,,Ordinateurs,prevision
2026-07-27,41.1,21.9,59.5,,Ordinateurs,prevision
2026-07-28,38.5,19.2,57.8,,Ordinateurs,prevision
2026-07-29,39.8,20.8,57.3,,Ordinateurs,prevision
2026-07-30,39.3,21.6,58.3,,Ordinateurs,prevision
2025-07-01,44.3,-31.0,117.2,26.0,Smartphones & tablettes,historique
2025-07-02,47.2,-29.2,121.5,42.0,Smartphones & tablettes,historique
2025-07-03,47.2,-34.8,115.6,59.0,Smartphones & tablettes,historique
2025-07-04,48.2,-25.9,121.7,54.0,Smartphones & tablettes,historique
2025-07-05,59.7,-14.0,136.2,54.0,Smartphones & tablettes,historique
2025-07-06,58.8,-17.2,134.9,37.0,Smartphones & tablettes,historique
2025-07-07,58.5,-19.9,126.5,45.0,Smartphones & tablettes,historique
2025-07-08,45.9,-24.9,118.0,41.0,Smartphones & tablettes,historique
2025-07-09,48.8,-25.7,122.4,42.0,Smartphones & tablettes,historique
2025-07-10,48.7,-27.8,126.9,42.0,Smartphones & tablettes,historique
2025-07-11,49.8,-27.0,124.7,49.0,Smartphones & tablettes,historique
2025-07-12,61.2,-10.2,135.2,57.0,Smartphones & tablettes,historique
2025-07-13,60.3,-16.5,132.4,39.0,Smartphones & tablettes,historique
2025-07-14,60.1,-11.2,136.0,54.0,Smartphones & tablettes,historique
2025-07-15,47.5,-31.4,130.8,70.0,Smartphones & tablettes,historique
2025-07-16,50.3,-21.1,132.8,40.0,Smartphones & tablettes,historique
2025-07-17,50.3,-23.3,122.2,48.0,Smartphones & tablettes,historique
2025-07-18,51.3,-21.9,123.1,45.0,Smartphones & tablettes,historique
2025-07-19,62.8,-13.0,135.9,44.0,Smartphones & tablettes,historique
2025-07-20,61.9,-11.6,140.9,50.0,Smartphones & tablettes,historique
2025-07-21,61.7,-10.9,141.3,43.0,Smartphones & tablettes,historique
2025-07-22,49.0,-28.8,131.3,50.0,Smartphones & tablettes,historique
2025-07-23,51.9,-25.3,123.1,36.0,Smartphones & tablettes,historique
2025-07-24,51.9,-23.4,127.5,57.0,Smartphones & tablettes,historique
2025-07-25,52.9,-20.9,130.1,35.0,Smartphones & tablettes,historique
2025-07-26,64.4,-9.3,137.6,36.0,Smartphones & tablettes,historique
2025-07-27,63.5,-13.5,137.2,52.0,Smartphones & tablettes,historique
2025-07-28,63.2,-8.0,140.7,50.0,Smartphones & tablettes,historique
2025-07-29,50.6,-27.7,119.7,55.0,Smartphones & tablettes,historique
2025-07-30,53.5,-20.5,126.1,54.0,Smartphones & tablettes,historique
2025-07-31,53.4,-20.3,129.5,50.0,Smartphones & tablettes,historique
2025-08-01,54.5,-17.1,130.0,61.0,Smartphones & tablettes,historique
2025-08-02,65.9,-10.6,138.7,64.0,Smartphones & tablettes,historique
2025-08-03,65.0,-7.9,131.9,43.0,Smartphones & tablettes,historique
2025-08-04,64.8,-17.3,135.4,35.0,Smartphones & tablettes,historique
2025-08-05,52.2,-27.3,129.9,45.0,Smartphones & tablettes,historique
2025-08-06,55.0,-25.6,135.2,45.0,Smartphones & tablettes,historique
2025-08-07,55.0,-22.5,130.1,56.0,Smartphones & tablettes,historique
2025-08-08,56.0,-15.7,139.0,55.0,Smartphones & tablettes,historique
2025-08-09,67.5,-7.7,148.5,48.0,Smartphones & tablettes,historique
2025-08-10,66.6,-10.5,135.2,59.0,Smartphones & tablettes,historique
2025-08-11,66.3,-11.0,143.1,40.0,Smartphones & tablettes,historique
2025-08-12,53.7,-22.1,126.6,42.0,Smartphones & tablettes,historique
2025-08-13,56.6,-19.7,132.0,52.0,Smartphones & tablettes,historique
2025-08-14,56.6,-21.6,133.0,44.0,Smartphones & tablettes,historique
2025-08-15,57.6,-16.0,133.5,46.0,Smartphones & tablettes,historique
2025-08-16,69.1,-6.8,142.6,77.0,Smartphones & tablettes,historique
2025-08-17,68.2,-6.3,147.2,34.0,Smartphones & tablettes,historique
2025-08-18,67.9,-5.9,142.4,60.0,Smartphones & tablettes,historique
2025-08-19,55.3,-20.1,130.9,55.0,Smartphones & tablettes,historique
2025-08-20,58.1,-19.9,132.7,25.0,Smartphones & tablettes,historique
2025-08-21,58.1,-11.5,132.3,46.0,Smartphones & tablettes,historique
2025-08-22,59.2,-14.6,134.7,41.0,Smartphones & tablettes,historique
2025-08-23,70.6,-3.9,142.0,54.0,Smartphones & tablettes,historique
2025-08-24,69.7,-6.3,143.7,66.0,Smartphones & tablettes,historique
2025-08-25,69.5,-13.8,142.8,46.0,Smartphones & tablettes,historique
2025-08-26,56.8,-20.8,130.6,42.0,Smartphones & tablettes,historique
2025-08-27,59.7,-16.2,133.1,79.0,Smartphones & tablettes,historique
2025-08-28,59.7,-18.3,134.8,60.0,Smartphones & tablettes,historique
2025-08-29,60.7,-16.4,136.6,42.0,Smartphones & tablettes,historique
2025-08-30,72.2,-3.3,149.0,63.0,Smartphones & tablettes,historique
2025-08-31,71.3,1.8,148.4,62.0,Smartphones & tablettes,historique
2025-09-01,71.0,-0.2,151.2,86.0,Smartphones & tablettes,historique
2025-09-02,58.4,-15.7,139.0,91.0,Smartphones & tablettes,historique
2025-09-03,61.3,-14.9,136.2,86.0,Smartphones & tablettes,historique
2025-09-04,61.2,-15.0,139.9,90.0,Smartphones & tablettes,historique
2025-09-05,62.3,-8.8,132.4,63.0,Smartphones & tablettes,historique
2025-09-06,73.7,-4.0,155.1,98.0,Smartphones & tablettes,historique
2025-09-07,72.8,-0.5,146.3,94.0,Smartphones & tablettes,historique
2025-09-08,72.6,-1.7,137.7,84.0,Smartphones & tablettes,historique
2025-09-09,60.0,-14.7,137.7,104.0,Smartphones & tablettes,historique
2025-09-10,62.8,-15.9,137.4,90.0,Smartphones & tablettes,historique
2025-09-11,62.8,-11.2,134.0,79.0,Smartphones & tablettes,historique
2025-09-12,63.8,-8.9,136.6,92.0,Smartphones & tablettes,historique
2025-09-13,75.3,-3.0,151.0,89.0,Smartphones & tablettes,historique
2025-09-14,74.4,0.6,153.1,98.0,Smartphones & tablettes,historique
2025-09-15,74.2,-1.6,142.4,57.0,Smartphones & tablettes,historique
2025-09-16,61.5,-13.8,135.2,114.0,Smartphones & tablettes,historique
2025-09-17,64.4,-10.2,144.3,82.0,Smartphones & tablettes,historique
2025-09-18,64.4,-13.1,135.8,94.0,Smartphones & tablettes,historique
2025-09-19,65.4,-11.4,142.1,94.0,Smartphones & tablettes,historique
2025-09-20,76.9,3.5,153.8,76.0,Smartphones & tablettes,historique
2025-09-21,76.0,4.1,146.5,73.0,Smartphones & tablettes,historique
2025-09-22,75.7,5.3,150.8,93.0,Smartphones & tablettes,historique
2025-09-23,63.1,-15.9,136.0,96.0,Smartphones & tablettes,historique
2025-09-24,66.0,-10.5,138.0,75.0,Smartphones & tablettes,historique
2025-09-25,65.9,-11.3,144.4,60.0,Smartphones & tablettes,historique
2025-09-26,67.0,-1.7,140.7,76.0,Smartphones & tablettes,historique
2025-09-27,78.4,8.5,158.5,101.0,Smartphones & tablettes,historique
2025-09-28,77.5,2.7,154.9,106.0,Smartphones & tablettes,historique
2025-09-29,77.3,-0.6,154.2,81.0,Smartphones & tablettes,historique
2025-09-30,64.7,-10.6,139.8,83.0,Smartphones & tablettes,historique
2025-10-01,67.5,-4.6,140.5,65.0,Smartphones & tablettes,historique
2025-10-02,67.5,-8.2,149.3,61.0,Smartphones & tablettes,historique
2025-10-03,68.5,-4.7,142.2,52.0,Smartphones & tablettes,historique
2025-10-04,80.0,3.5,154.8,52.0,Smartphones & tablettes,historique
2025-10-05,79.1,9.0,156.3,40.0,Smartphones & tablettes,historique
2025-10-06,78.8,4.8,155.2,44.0,Smartphones & tablettes,historique
2025-10-07,66.2,-11.8,140.2,47.0,Smartphones & tablettes,historique
2025-10-08,69.1,-4.7,143.9,60.0,Smartphones & tablettes,historique
2025-10-09,69.1,-3.0,139.4,60.0,Smartphones & tablettes,historique
2025-10-10,70.1,-6.8,143.7,159.0,Smartphones & tablettes,historique
2025-10-11,81.6,5.4,154.3,127.0,Smartphones & tablettes,historique
2025-10-12,80.7,9.9,156.4,156.0,Smartphones & tablettes,historique
2025-10-13,80.4,7.2,154.9,148.0,Smartphones & tablettes,historique
2025-10-14,67.8,-8.5,144.7,141.0,Smartphones & tablettes,historique
2025-10-15,70.6,-3.9,148.6,129.0,Smartphones & tablettes,historique
2025-10-16,70.6,-3.9,147.2,180.0,Smartphones & tablettes,historique
2025-10-17,71.7,5.1,146.0,123.0,Smartphones & tablettes,historique
2025-10-18,83.1,-0.4,161.4,134.0,Smartphones & tablettes,historique
2025-10-19,82.2,7.6,154.4,155.0,Smartphones & tablettes,historique
2025-10-20,82.0,7.1,156.8,152.0,Smartphones & tablettes,historique
2025-10-21,69.3,-1.4,144.1,58.0,Smartphones & tablettes,historique
2025-10-22,72.2,1.7,149.9,51.0,Smartphones & tablettes,historique
2025-10-23,72.2,-3.2,149.3,55.0,Smartphones & tablettes,historique
2025-10-24,73.2,-3.7,144.4,55.0,Smartphones & tablettes,historique
2025-10-25,84.7,5.5,158.4,52.0,Smartphones & tablettes,historique
2025-10-26,83.8,7.2,148.2,56.0,Smartphones & tablettes,historique
2025-10-27,83.5,3.4,156.5,57.0,Smartphones & tablettes,historique
2025-10-28,70.9,-4.4,141.3,55.0,Smartphones & tablettes,historique
2025-10-29,73.8,0.1,145.9,45.0,Smartphones & tablettes,historique
2025-10-30,73.8,-2.7,145.4,64.0,Smartphones & tablettes,historique
2025-10-31,74.8,2.4,149.7,49.0,Smartphones & tablettes,historique
2025-11-01,86.2,8.9,164.1,51.0,Smartphones & tablettes,historique
2025-11-02,85.3,10.2,156.1,51.0,Smartphones & tablettes,historique
2025-11-03,85.1,8.2,162.8,49.0,Smartphones & tablettes,historique
2025-11-04,72.5,-1.3,149.6,45.0,Smartphones & tablettes,historique
2025-11-05,75.3,-4.3,148.3,39.0,Smartphones & tablettes,historique
2025-11-06,75.3,-1.5,151.2,73.0,Smartphones & tablettes,historique
2025-11-07,76.3,-0.3,152.9,64.0,Smartphones & tablettes,historique
2025-11-08,87.8,11.6,167.1,53.0,Smartphones & tablettes,historique
2025-11-09,86.9,10.4,166.0,60.0,Smartphones & tablettes,historique
2025-11-10,86.7,10.1,163.5,47.0,Smartphones & tablettes,historique
2025-11-11,74.0,-3.5,149.4,58.0,Smartphones & tablettes,historique
2025-11-12,76.9,0.6,160.7,57.0,Smartphones & tablettes,historique
2025-11-13,76.9,1.9,151.7,61.0,Smartphones & tablettes,historique
2025-11-14,77.9,4.9,151.3,62.0,Smartphones & tablettes,historique
2025-11-15,89.4,11.0,162.9,59.0,Smartphones & tablettes,historique
2025-11-16,88.5,12.0,169.2,76.0,Smartphones & tablettes,historique
2025-11-17,88.2,12.0,168.5,47.0,Smartphones & tablettes,historique
2025-11-18,75.6,1.5,145.5,62.0,Smartphones & tablettes,historique
2025-11-19,78.5,4.0,153.2,48.0,Smartphones & tablettes,historique
2025-11-20,78.4,-2.9,152.4,61.0,Smartphones & tablettes,historique
2025-11-21,79.5,4.8,154.5,62.0,Smartphones & tablettes,historique
2025-11-22,90.9,16.6,165.8,55.0,Smartphones & tablettes,historique
2025-11-23,90.0,17.7,173.4,62.0,Smartphones & tablettes,historique
2025-11-24,89.8,17.4,166.7,164.0,Smartphones & tablettes,historique
2025-11-25,77.2,-1.8,153.2,177.0,Smartphones & tablettes,historique
2025-11-26,80.0,0.1,156.2,214.0,Smartphones & tablettes,historique
2025-11-27,80.0,4.9,148.5,175.0,Smartphones & tablettes,historique
2025-11-28,81.0,8.8,156.6,271.0,Smartphones & tablettes,historique
2025-11-29,92.5,13.2,164.4,255.0,Smartphones & tablettes,historique
2025-11-30,91.6,16.6,163.7,228.0,Smartphones & tablettes,historique
2025-12-01,91.3,15.9,160.0,85.0,Smartphones & tablettes,historique
2025-12-02,78.7,1.2,151.0,43.0,Smartphones & tablettes,historique
2025-12-03,81.6,4.5,156.4,61.0,Smartphones & tablettes,historique
2025-12-04,81.6,3.7,161.3,57.0,Smartphones & tablettes,historique
2025-12-05,82.6,6.5,157.3,48.0,Smartphones & tablettes,historique
2025-12-06,94.1,18.0,171.9,65.0,Smartphones & tablettes,historique
2025-12-07,93.2,19.2,170.0,58.0,Smartphones & tablettes,historique
2025-12-08,92.9,19.3,171.6,91.0,Smartphones & tablettes,historique
2025-12-09,80.3,1.3,161.9,70.0,Smartphones & tablettes,historique
2025-12-10,83.1,11.3,159.2,46.0,Smartphones & tablettes,historique
2025-12-11,83.1,10.2,160.8,42.0,Smartphones & tablettes,historique
2025-12-12,84.2,11.6,163.6,66.0,Smartphones & tablettes,historique
2025-12-13,95.6,15.3,170.4,65.0,Smartphones & tablettes,historique
2025-12-14,94.7,23.1,168.6,72.0,Smartphones & tablettes,historique
2025-12-15,94.5,15.8,168.0,119.0,Smartphones & tablettes,historique
2025-12-16,81.8,6.7,159.7,130.0,Smartphones & tablettes,historique
2025-12-17,84.7,8.5,162.0,120.0,Smartphones & tablettes,historique
2025-12-18,84.7,9.2,162.8,121.0,Smartphones & tablettes,historique
2025-12-19,85.7,17.4,163.6,119.0,Smartphones & tablettes,historique
2025-12-20,97.2,15.4,172.2,150.0,Smartphones & tablettes,historique
2025-12-21,96.3,20.2,170.2,120.0,Smartphones & tablettes,historique
2025-12-22,96.0,22.9,171.8,89.0,Smartphones & tablettes,historique
2025-12-23,83.4,7.2,160.4,127.0,Smartphones & tablettes,historique
2025-12-24,86.3,11.3,159.3,116.0,Smartphones & tablettes,historique
2025-12-25,86.3,12.9,163.9,129.0,Smartphones & tablettes,historique
2025-12-26,87.3,10.6,165.2,134.0,Smartphones & tablettes,historique
2025-12-27,98.7,28.9,173.0,140.0,Smartphones & tablettes,historique
2025-12-28,97.8,22.3,175.3,129.0,Smartphones & tablettes,historique
2025-12-29,97.6,19.6,174.8,108.0,Smartphones & tablettes,historique
2025-12-30,85.0,10.0,164.2,122.0,Smartphones & tablettes,historique
2025-12-31,87.8,9.6,164.2,108.0,Smartphones & tablettes,historique
2026-01-01,87.8,15.4,165.1,54.0,Smartphones & tablettes,historique
2026-01-02,88.9,7.8,168.8,55.0,Smartphones & tablettes,historique
2026-01-03,100.3,28.9,175.5,58.0,Smartphones & tablettes,historique
2026-01-04,99.4,23.1,178.1,80.0,Smartphones & tablettes,historique
2026-01-05,99.2,23.9,175.8,55.0,Smartphones & tablettes,historique
2026-01-06,86.6,12.7,159.7,60.0,Smartphones & tablettes,historique
2026-01-07,89.5,14.5,162.4,54.0,Smartphones & tablettes,historique
2026-01-08,89.4,11.6,167.9,50.0,Smartphones & tablettes,historique
2026-01-09,90.5,12.4,161.8,52.0,Smartphones & tablettes,historique
2026-01-10,102.0,24.6,181.0,81.0,Smartphones & tablettes,historique
2026-01-11,101.1,23.8,176.3,54.0,Smartphones & tablettes,historique
2026-01-12,100.8,21.2,177.3,76.0,Smartphones & tablettes,historique
2026-01-13,88.2,15.2,164.5,52.0,Smartphones & tablettes,historique
2026-01-14,91.1,17.2,167.8,75.0,Smartphones & tablettes,historique
2026-01-15,91.1,13.8,160.2,79.0,Smartphones & tablettes,historique
2026-01-16,92.2,19.4,171.5,45.0,Smartphones & tablettes,historique
2026-01-17,103.7,32.3,172.5,73.0,Smartphones & tablettes,historique
2026-01-18,102.8,28.0,180.6,77.0,Smartphones & tablettes,historique
2026-01-19,102.6,32.2,178.0,78.0,Smartphones & tablettes,historique
2026-01-20,90.1,16.8,167.4,71.0,Smartphones & tablettes,historique
2026-01-21,93.0,19.5,165.0,71.0,Smartphones & tablettes,historique
2026-01-22,93.0,17.0,166.0,73.0,Smartphones & tablettes,historique
2026-01-23,94.1,19.6,170.1,73.0,Smartphones & tablettes,historique
2026-01-24,105.6,31.2,183.2,71.0,Smartphones & tablettes,historique
2026-01-25,104.7,28.6,175.0,58.0,Smartphones & tablettes,historique
2026-01-26,104.5,31.8,179.3,69.0,Smartphones & tablettes,historique
2026-01-27,91.9,17.1,168.4,78.0,Smartphones & tablettes,historique
2026-01-28,94.9,22.2,167.5,60.0,Smartphones & tablettes,historique
2026-01-29,94.9,16.9,170.3,69.0,Smartphones & tablettes,historique
2026-01-30,96.1,18.9,174.6,83.0,Smartphones & tablettes,historique
2026-01-31,107.6,35.6,181.1,51.0,Smartphones & tablettes,historique
2026-02-01,106.8,29.4,178.1,79.0,Smartphones & tablettes,historique
2026-02-02,106.6,34.3,182.8,71.0,Smartphones & tablettes,historique
2026-02-03,94.1,15.9,163.4,55.0,Smartphones & tablettes,historique
2026-02-04,97.0,17.0,171.3,85.0,Smartphones & tablettes,historique
2026-02-05,97.1,20.5,172.5,63.0,Smartphones & tablettes,historique
2026-02-06,98.2,24.0,169.2,73.0,Smartphones & tablettes,historique
2026-02-07,109.7,39.1,180.8,79.0,Smartphones & tablettes,historique
2026-02-08,109.0,31.6,180.3,68.0,Smartphones & tablettes,historique
2026-02-09,108.8,37.1,178.7,73.0,Smartphones & tablettes,historique
2026-02-10,96.3,19.9,164.5,216.0,Smartphones & tablettes,historique
2026-02-11,99.3,23.5,173.1,206.0,Smartphones & tablettes,historique
2026-02-12,99.4,27.8,173.9,242.0,Smartphones & tablettes,historique
2026-02-13,100.5,18.8,173.7,229.0,Smartphones & tablettes,historique
2026-02-14,112.1,40.3,189.2,208.0,Smartphones & tablettes,historique
2026-02-15,111.3,41.1,184.8,253.0,Smartphones & tablettes,historique
2026-02-16,111.2,34.6,184.5,257.0,Smartphones & tablettes,historique
2026-02-17,98.7,23.9,172.7,90.0,Smartphones & tablettes,historique
2026-02-18,101.7,27.5,175.3,74.0,Smartphones & tablettes,historique
2026-02-19,101.8,24.9,176.9,64.0,Smartphones & tablettes,historique
2026-02-20,103.0,27.5,174.7,70.0,Smartphones & tablettes,historique
2026-02-21,114.6,37.6,192.5,90.0,Smartphones & tablettes,historique
2026-02-22,113.8,38.2,191.3,66.0,Smartphones & tablettes,historique
2026-02-23,113.7,38.2,196.5,77.0,Smartphones & tablettes,historique
2026-02-24,101.2,28.1,173.5,70.0,Smartphones & tablettes,historique
2026-02-25,104.3,27.1,182.6,69.0,Smartphones & tablettes,historique
2026-02-26,104.4,23.2,179.3,94.0,Smartphones & tablettes,historique
2026-02-27,105.6,31.2,177.0,76.0,Smartphones & tablettes,historique
2026-02-28,117.2,44.1,189.6,63.0,Smartphones & tablettes,historique
2026-03-01,116.4,34.9,194.9,83.0,Smartphones & tablettes,historique
2026-03-02,116.3,41.0,190.0,71.0,Smartphones & tablettes,historique
2026-03-03,103.9,30.1,174.4,73.0,Smartphones & tablettes,historique
2026-03-04,106.9,31.7,182.9,96.0,Smartphones & tablettes,historique
2026-03-05,107.1,31.5,178.3,63.0,Smartphones & tablettes,historique
2026-03-06,108.3,35.4,190.2,66.0,Smartphones & tablettes,historique
2026-03-07,120.0,40.8,197.7,118.0,Smartphones & tablettes,historique
2026-03-08,119.3,36.7,192.6,92.0,Smartphones & tablettes,historique
2026-03-09,119.2,44.2,197.1,76.0,Smartphones & tablettes,historique
2026-03-10,106.8,29.3,179.8,51.0,Smartphones & tablettes,historique
2026-03-11,109.8,32.1,185.2,71.0,Smartphones & tablettes,historique
2026-03-12,110.0,38.0,186.5,72.0,Smartphones & tablettes,historique
2026-03-13,111.2,43.8,184.6,82.0,Smartphones & tablettes,historique
2026-03-14,122.8,46.8,199.8,98.0,Smartphones & tablettes,historique
2026-03-15,122.2,43.1,196.6,58.0,Smartphones & tablettes,historique
2026-03-16,122.1,48.4,199.0,69.0,Smartphones & tablettes,historique
2026-03-17,109.7,35.0,183.2,86.0,Smartphones & tablettes,historique
2026-03-18,112.8,36.2,187.9,233.0,Smartphones & tablettes,historique
2026-03-19,113.0,38.7,189.4,215.0,Smartphones & tablettes,historique
2026-03-20,114.2,36.5,181.8,214.0,Smartphones & tablettes,historique
2026-03-21,125.9,50.4,205.4,194.0,Smartphones & tablettes,historique
2026-03-22,125.2,54.3,200.0,242.0,Smartphones & tablettes,historique
2026-03-23,125.2,53.6,197.5,195.0,Smartphones & tablettes,historique
2026-03-24,112.8,44.8,189.2,208.0,Smartphones & tablettes,historique
2026-03-25,115.9,36.9,184.0,214.0,Smartphones & tablettes,historique
2026-03-26,116.0,42.2,194.3,59.0,Smartphones & tablettes,historique
2026-03-27,117.3,47.9,192.2,88.0,Smartphones & tablettes,historique
2026-03-28,129.0,52.7,200.9,70.0,Smartphones & tablettes,historique
2026-03-29,128.4,58.2,202.3,75.0,Smartphones & tablettes,historique
2026-03-30,128.4,55.4,206.9,83.0,Smartphones & tablettes,historique
2026-03-31,116.0,38.9,187.5,54.0,Smartphones & tablettes,historique
2026-04-01,119.1,37.3,197.8,233.0,Smartphones & tablettes,historique
2026-04-02,119.3,43.9,195.5,236.0,Smartphones & tablettes,historique
2026-04-03,120.6,51.1,197.5,235.0,Smartphones & tablettes,historique
2026-04-04,132.3,55.7,211.4,202.0,Smartphones & tablettes,historique
2026-04-05,131.6,57.1,208.4,216.0,Smartphones & tablettes,historique
2026-04-06,131.6,57.0,212.1,224.0,Smartphones & tablettes,historique
2026-04-07,119.2,43.4,198.7,220.0,Smartphones & tablettes,historique
2026-04-08,122.4,47.7,195.3,101.0,Smartphones & tablettes,historique
2026-04-09,122.6,45.4,195.7,76.0,Smartphones & tablettes,historique
2026-04-10,123.9,55.1,201.8,73.0,Smartphones & tablettes,historique
2026-04-11,135.6,63.1,212.9,73.0,Smartphones & tablettes,historique
2026-04-12,135.0,59.5,201.8,83.0,Smartphones & tablettes,historique
2026-04-13,135.0,58.2,207.1,76.0,Smartphones & tablettes,historique
2026-04-14,122.7,44.9,195.7,97.0,Smartphones & tablettes,historique
2026-04-15,125.8,56.4,199.2,83.0,Smartphones & tablettes,historique
2026-04-16,126.0,52.7,202.5,80.0,Smartphones & tablettes,historique
2026-04-17,127.3,44.0,203.9,80.0,Smartphones & tablettes,historique
2026-04-18,139.1,60.6,217.8,97.0,Smartphones & tablettes,historique
2026-04-19,138.4,64.3,214.8,108.0,Smartphones & tablettes,historique
2026-04-20,138.5,61.9,215.1,108.0,Smartphones & tablettes,historique
2026-04-21,126.2,50.2,199.9,92.0,Smartphones & tablettes,historique
2026-04-22,129.3,51.8,202.8,67.0,Smartphones & tablettes,historique
2026-04-23,129.6,47.2,205.3,78.0,Smartphones & tablettes,historique
2026-04-24,130.9,50.6,206.9,99.0,Smartphones & tablettes,historique
2026-04-25,142.7,63.4,214.8,89.0,Smartphones & tablettes,historique
2026-04-26,142.1,61.0,214.2,71.0,Smartphones & tablettes,historique
2026-04-27,142.1,69.2,219.2,78.0,Smartphones & tablettes,historique
2026-04-28,129.8,55.5,206.5,100.0,Smartphones & tablettes,historique
2026-04-29,132.9,55.6,206.1,93.0,Smartphones & tablettes,historique
2026-04-30,133.2,56.4,204.0,111.0,Smartphones & tablettes,historique
2026-05-01,134.6,57.2,213.5,94.0,Smartphones & tablettes,historique
2026-05-02,146.3,70.8,225.7,112.0,Smartphones & tablettes,historique
2026-05-03,145.7,67.3,220.9,83.0,Smartphones & tablettes,historique
2026-05-04,145.8,66.2,220.8,83.0,Smartphones & tablettes,historique
2026-05-05,133.4,62.7,207.7,93.0,Smartphones & tablettes,historique
2026-05-06,136.6,65.1,201.1,90.0,Smartphones & tablettes,historique
2026-05-07,136.9,66.3,216.1,107.0,Smartphones & tablettes,historique
2026-05-08,138.2,58.2,201.9,78.0,Smartphones & tablettes,historique
2026-05-09,149.9,70.4,223.1,125.0,Smartphones & tablettes,historique
2026-05-10,149.3,76.4,224.7,112.0,Smartphones & tablettes,historique
2026-05-11,149.4,74.5,222.5,96.0,Smartphones & tablettes,historique
2026-05-12,137.1,62.5,211.8,92.0,Smartphones & tablettes,historique
2026-05-13,140.2,63.9,220.3,81.0,Smartphones & tablettes,historique
2026-05-14,140.5,68.2,214.3,92.0,Smartphones & tablettes,historique
2026-05-15,141.8,63.7,218.7,98.0,Smartphones & tablettes,historique
2026-05-16,153.6,77.7,231.4,121.0,Smartphones & tablettes,historique
2026-05-17,153.0,73.9,225.8,105.0,Smartphones & tablettes,historique
2026-05-18,153.0,75.8,231.5,100.0,Smartphones & tablettes,historique
2026-05-19,140.7,64.9,222.5,103.0,Smartphones & tablettes,historique
2026-05-20,143.8,69.8,228.3,113.0,Smartphones & tablettes,historique
2026-05-21,144.1,66.3,223.0,105.0,Smartphones & tablettes,historique
2026-05-22,145.4,68.9,221.8,126.0,Smartphones & tablettes,historique
2026-05-23,157.2,85.0,238.1,114.0,Smartphones & tablettes,historique
2026-05-24,156.6,80.8,227.4,99.0,Smartphones & tablettes,historique
2026-05-25,156.6,83.6,234.1,215.0,Smartphones & tablettes,historique
2026-05-26,144.3,71.8,224.0,201.0,Smartphones & tablettes,historique
2026-05-27,147.5,73.5,225.5,192.0,Smartphones & tablettes,historique
2026-05-28,147.7,69.8,227.7,228.0,Smartphones & tablettes,historique
2026-05-29,149.1,76.1,215.3,171.0,Smartphones & tablettes,historique
2026-05-30,160.8,86.4,236.6,240.0,Smartphones & tablettes,historique
2026-05-31,160.2,84.4,235.2,191.0,Smartphones & tablettes,historique
2026-06-01,160.3,85.3,234.4,224.0,Smartphones & tablettes,historique
2026-06-02,147.9,75.9,228.8,192.0,Smartphones & tablettes,historique
2026-06-03,151.1,71.3,229.0,202.0,Smartphones & tablettes,historique
2026-06-04,151.4,73.9,230.3,188.0,Smartphones & tablettes,historique
2026-06-05,152.7,81.8,227.8,220.0,Smartphones & tablettes,historique
2026-06-06,164.5,87.8,235.1,87.0,Smartphones & tablettes,historique
2026-06-07,163.8,88.2,240.5,132.0,Smartphones & tablettes,historique
2026-06-08,163.9,91.4,237.1,102.0,Smartphones & tablettes,historique
2026-06-09,151.6,77.5,221.8,124.0,Smartphones & tablettes,historique
2026-06-10,154.7,84.5,229.1,128.0,Smartphones & tablettes,historique
2026-06-11,155.0,76.7,230.7,118.0,Smartphones & tablettes,historique
2026-06-12,156.3,81.2,230.4,111.0,Smartphones & tablettes,historique
2026-06-13,168.1,87.6,242.4,147.0,Smartphones & tablettes,historique
2026-06-14,167.5,89.4,245.9,152.0,Smartphones & tablettes,historique
2026-06-15,167.5,98.1,238.0,115.0,Smartphones & tablettes,historique
2026-06-16,155.2,77.5,226.1,109.0,Smartphones & tablettes,historique
2026-06-17,158.3,87.7,232.8,124.0,Smartphones & tablettes,historique
2026-06-18,158.6,81.6,233.9,124.0,Smartphones & tablettes,historique
2026-06-19,160.0,88.1,232.2,134.0,Smartphones & tablettes,historique
2026-06-20,171.7,95.3,252.1,553.0,Smartphones & tablettes,historique
2026-06-21,171.1,100.3,247.8,566.0,Smartphones & tablettes,historique
2026-06-22,171.2,93.8,246.4,596.0,Smartphones & tablettes,historique
2026-06-23,158.8,86.6,233.4,151.0,Smartphones & tablettes,historique
2026-06-24,162.0,87.2,232.3,138.0,Smartphones & tablettes,historique
2026-06-25,162.3,83.5,236.6,200.0,Smartphones & tablettes,historique
2026-06-26,163.6,86.6,237.0,181.0,Smartphones & tablettes,historique
2026-06-27,175.3,98.2,253.0,195.0,Smartphones & tablettes,historique
2026-06-28,174.7,101.2,253.6,207.0,Smartphones & tablettes,historique
2026-06-29,174.8,96.1,251.4,237.0,Smartphones & tablettes,historique
2026-06-30,162.5,84.8,236.4,80.0,Smartphones & tablettes,historique
2026-07-01,165.6,88.8,241.6,,Smartphones & tablettes,prevision
2026-07-02,165.9,89.6,238.2,,Smartphones & tablettes,prevision
2026-07-03,167.2,93.4,246.0,,Smartphones & tablettes,prevision
2026-07-04,179.0,104.5,259.8,,Smartphones & tablettes,prevision
2026-07-05,178.4,109.1,250.4,,Smartphones & tablettes,prevision
2026-07-06,178.4,100.5,257.1,,Smartphones & tablettes,prevision
2026-07-07,166.1,93.5,242.8,,Smartphones & tablettes,prevision
2026-07-08,169.2,96.2,241.9,,Smartphones & tablettes,prevision
2026-07-09,169.5,96.3,243.9,,Smartphones & tablettes,prevision
2026-07-10,170.8,97.9,251.3,,Smartphones & tablettes,prevision
2026-07-11,182.6,108.7,261.3,,Smartphones & tablettes,prevision
2026-07-12,182.0,106.4,257.6,,Smartphones & tablettes,prevision
2026-07-13,182.0,109.5,260.2,,Smartphones & tablettes,prevision
2026-07-14,169.7,95.4,242.4,,Smartphones & tablettes,prevision
2026-07-15,172.9,98.4,249.5,,Smartphones & tablettes,prevision
2026-07-16,173.1,93.8,245.9,,Smartphones & tablettes,prevision
2026-07-17,174.5,103.9,251.5,,Smartphones & tablettes,prevision
2026-07-18,186.2,105.6,260.5,,Smartphones & tablettes,prevision
2026-07-19,185.6,113.3,261.8,,Smartphones & tablettes,prevision
2026-07-20,185.7,113.4,258.0,,Smartphones & tablettes,prevision
2026-07-21,173.3,100.0,247.0,,Smartphones & tablettes,prevision
2026-07-22,176.5,98.2,253.2,,Smartphones & tablettes,prevision
2026-07-23,176.8,103.1,254.6,,Smartphones & tablettes,prevision
2026-07-24,178.1,106.8,254.5,,Smartphones & tablettes,prevision
2026-07-25,189.9,119.2,265.3,,Smartphones & tablettes,prevision
2026-07-26,189.3,115.1,262.3,,Smartphones & tablettes,prevision
2026-07-27,189.3,112.6,268.1,,Smartphones & tablettes,prevision
2026-07-28,177.0,101.2,248.4,,Smartphones & tablettes,prevision
2026-07-29,180.1,99.8,256.4,,Smartphones & tablettes,prevision
2026-07-30,180.4,99.6,253.4,,Smartphones & tablettes,prevision
2025-07-01,10.3,-8.5,28.5,7.0,TV & image,historique
2025-07-02,12.3,-6.9,29.8,14.0,TV & image,historique
2025-07-03,12.9,-6.9,31.6,21.0,TV & image,historique
2025-07-04,11.9,-6.6,30.2,7.0,TV & image,historique
2025-07-05,13.1,-5.6,31.0,16.0,TV & image,historique
2025-07-06,13.0,-5.7,30.9,10.0,TV & image,historique
2025-07-07,14.0,-3.8,31.4,9.0,TV & image,historique
2025-07-08,10.6,-6.8,29.2,5.0,TV & image,historique
2025-07-09,12.6,-5.2,29.3,19.0,TV & image,historique
2025-07-10,13.2,-4.1,31.3,17.0,TV & image,historique
2025-07-11,12.1,-6.5,29.3,15.0,TV & image,historique
2025-07-12,13.4,-5.1,31.2,7.0,TV & image,historique
2025-07-13,13.3,-5.1,33.0,10.0,TV & image,historique
2025-07-14,14.3,-4.5,32.5,1.0,TV & image,historique
2025-07-15,10.8,-7.0,29.5,10.0,TV & image,historique
2025-07-16,12.9,-4.6,30.9,17.0,TV & image,historique
2025-07-17,13.5,-5.0,32.3,27.0,TV & image,historique
2025-07-18,12.4,-6.5,29.1,8.0,TV & image,historique
2025-07-19,13.6,-3.7,32.1,13.0,TV & image,historique
2025-07-20,13.5,-4.5,31.3,9.0,TV & image,historique
2025-07-21,14.6,-3.2,32.1,12.0,TV & image,historique
2025-07-22,11.1,-6.6,28.1,7.0,TV & image,historique
2025-07-23,13.1,-4.8,30.3,20.0,TV & image,historique
2025-07-24,13.8,-4.8,33.3,8.0,TV & image,historique
2025-07-25,12.7,-6.0,30.3,17.0,TV & image,historique
2025-07-26,13.9,-3.4,30.6,6.0,TV & image,historique
2025-07-27,13.8,-4.7,32.5,8.0,TV & image,historique
2025-07-28,14.9,-4.2,32.6,4.0,TV & image,historique
2025-07-29,11.4,-6.0,29.2,6.0,TV & image,historique
2025-07-30,13.4,-4.5,31.7,8.0,TV & image,historique
2025-07-31,14.0,-3.1,32.0,16.0,TV & image,historique
2025-08-01,13.0,-5.4,30.3,9.0,TV & image,historique
2025-08-02,14.2,-5.1,33.2,10.0,TV & image,historique
2025-08-03,14.1,-3.9,30.6,11.0,TV & image,historique
2025-08-04,15.1,-4.2,31.8,6.0,TV & image,historique
2025-08-05,11.7,-6.6,29.1,13.0,TV & image,historique
2025-08-06,13.7,-4.6,31.2,13.0,TV & image,historique
2025-08-07,14.3,-4.6,31.5,12.0,TV & image,historique
2025-08-08,13.2,-4.1,31.3,14.0,TV & image,historique
2025-08-09,14.5,-3.8,32.0,8.0,TV & image,historique
2025-08-10,14.4,-3.8,33.8,15.0,TV & image,historique
2025-08-11,15.4,-2.5,33.4,13.0,TV & image,historique
2025-08-12,11.9,-5.3,29.3,12.0,TV & image,historique
2025-08-13,14.0,-5.2,32.2,13.0,TV & image,historique
2025-08-14,14.6,-4.6,32.1,10.0,TV & image,historique
2025-08-15,13.5,-5.4,31.5,23.0,TV & image,historique
2025-08-16,14.7,-3.6,33.4,7.0,TV & image,historique
2025-08-17,14.6,-5.0,31.8,16.0,TV & image,historique
2025-08-18,15.7,-3.1,35.0,16.0,TV & image,historique
2025-08-19,12.2,-5.1,28.8,6.0,TV & image,historique
2025-08-20,14.2,-3.6,32.3,16.0,TV & image,historique
2025-08-21,14.9,-3.1,33.4,9.0,TV & image,historique
2025-08-22,13.8,-4.9,31.5,14.0,TV & image,historique
2025-08-23,15.0,-4.1,33.2,12.0,TV & image,historique
2025-08-24,14.9,-4.4,33.3,15.0,TV & image,historique
2025-08-25,16.0,-2.1,35.5,9.0,TV & image,historique
2025-08-26,12.5,-5.7,31.7,12.0,TV & image,historique
2025-08-27,14.5,-3.1,32.2,10.0,TV & image,historique
2025-08-28,15.1,-4.1,32.3,20.0,TV & image,historique
2025-08-29,14.1,-4.9,32.4,9.0,TV & image,historique
2025-08-30,15.3,-3.8,32.8,8.0,TV & image,historique
2025-08-31,15.2,-2.6,33.1,9.0,TV & image,historique
2025-09-01,16.2,-1.7,34.8,13.0,TV & image,historique
2025-09-02,12.8,-4.9,30.2,20.0,TV & image,historique
2025-09-03,14.8,-3.6,32.9,24.0,TV & image,historique
2025-09-04,15.4,-1.7,34.0,10.0,TV & image,historique
2025-09-05,14.3,-4.1,32.2,21.0,TV & image,historique
2025-09-06,15.6,-3.5,32.3,4.0,TV & image,historique
2025-09-07,15.5,-3.5,34.3,25.0,TV & image,historique
2025-09-08,16.5,-1.2,36.1,18.0,TV & image,historique
2025-09-09,13.0,-5.0,31.3,20.0,TV & image,historique
2025-09-10,15.1,-2.9,33.2,21.0,TV & image,historique
2025-09-11,15.7,-2.9,34.5,15.0,TV & image,historique
2025-09-12,14.6,-2.8,33.0,19.0,TV & image,historique
2025-09-13,15.8,-1.5,33.3,15.0,TV & image,historique
2025-09-14,15.7,-2.7,34.8,23.0,TV & image,historique
2025-09-15,16.8,-0.3,35.1,26.0,TV & image,historique
2025-09-16,13.3,-4.8,31.3,26.0,TV & image,historique
2025-09-17,15.4,-2.4,33.6,14.0,TV & image,historique
2025-09-18,16.0,-3.4,32.5,25.0,TV & image,historique
2025-09-19,14.9,-4.5,32.4,14.0,TV & image,historique
2025-09-20,16.1,-1.3,33.5,28.0,TV & image,historique
2025-09-21,16.0,-2.8,33.6,15.0,TV & image,historique
2025-09-22,17.1,-1.5,35.4,32.0,TV & image,historique
2025-09-23,13.6,-4.3,31.9,18.0,TV & image,historique
2025-09-24,15.6,-2.0,33.3,19.0,TV & image,historique
2025-09-25,16.2,-2.3,33.9,18.0,TV & image,historique
2025-09-26,15.2,-4.1,33.3,25.0,TV & image,historique
2025-09-27,16.4,-1.4,35.9,22.0,TV & image,historique
2025-09-28,16.3,-1.6,34.3,26.0,TV & image,historique
2025-09-29,17.4,-2.9,35.7,24.0,TV & image,historique
2025-09-30,13.9,-4.2,32.7,18.0,TV & image,historique
2025-10-01,15.9,-3.0,34.8,11.0,TV & image,historique
2025-10-02,16.5,-3.2,34.9,16.0,TV & image,historique
2025-10-03,15.5,-3.2,33.5,12.0,TV & image,historique
2025-10-04,16.7,-2.0,34.2,15.0,TV & image,historique
2025-10-05,16.6,-2.3,35.3,16.0,TV & image,historique
2025-10-06,17.6,-0.6,36.7,11.0,TV & image,historique
2025-10-07,14.2,-2.4,32.6,8.0,TV & image,historique
2025-10-08,16.2,-2.3,35.8,6.0,TV & image,historique
2025-10-09,16.8,-3.1,35.2,5.0,TV & image,historique
2025-10-10,15.7,-1.9,34.4,35.0,TV & image,historique
2025-10-11,17.0,0.2,34.0,38.0,TV & image,historique
2025-10-12,16.9,0.3,35.9,29.0,TV & image,historique
2025-10-13,17.9,-0.7,36.0,28.0,TV & image,historique
2025-10-14,14.4,-3.5,33.4,43.0,TV & image,historique
2025-10-15,16.5,-0.2,34.2,21.0,TV & image,historique
2025-10-16,17.1,-1.2,35.4,48.0,TV & image,historique
2025-10-17,16.0,-1.2,33.5,27.0,TV & image,historique
2025-10-18,17.2,-1.6,34.8,42.0,TV & image,historique
2025-10-19,17.1,-1.8,35.3,22.0,TV & image,historique
2025-10-20,18.2,-0.3,35.1,31.0,TV & image,historique
2025-10-21,14.7,-2.7,33.8,6.0,TV & image,historique
2025-10-22,16.7,-2.0,34.2,8.0,TV & image,historique
2025-10-23,17.4,-1.3,34.2,21.0,TV & image,historique
2025-10-24,16.3,-1.0,35.2,10.0,TV & image,historique
2025-10-25,17.5,-1.9,35.1,17.0,TV & image,historique
2025-10-26,17.4,-1.0,35.6,17.0,TV & image,historique
2025-10-27,18.5,2.3,36.2,8.0,TV & image,historique
2025-10-28,15.0,-3.8,32.7,19.0,TV & image,historique
2025-10-29,17.0,-1.5,36.0,15.0,TV & image,historique
2025-10-30,17.6,-1.2,36.8,8.0,TV & image,historique
2025-10-31,16.6,-0.7,34.3,18.0,TV & image,historique
2025-11-01,17.8,-1.7,35.5,24.0,TV & image,historique
2025-11-02,17.7,0.3,36.2,14.0,TV & image,historique
2025-11-03,18.7,0.4,36.6,10.0,TV & image,historique
2025-11-04,15.3,-2.2,34.5,10.0,TV & image,historique
2025-11-05,17.3,-0.3,35.3,15.0,TV & image,historique
2025-11-06,17.9,-0.8,36.1,26.0,TV & image,historique
2025-11-07,16.8,-1.3,35.6,21.0,TV & image,historique
2025-11-08,18.1,1.4,35.7,20.0,TV & image,historique
2025-11-09,18.0,0.3,35.9,21.0,TV & image,historique
2025-11-10,19.0,1.0,37.9,20.0,TV & image,historique
2025-11-11,15.5,-2.3,34.3,11.0,TV & image,historique
2025-11-12,17.6,-1.5,35.3,11.0,TV & image,historique
2025-11-13,18.2,-0.9,36.1,26.0,TV & image,historique
2025-11-14,17.1,-2.6,34.9,16.0,TV & image,historique
2025-11-15,18.3,-0.1,38.2,9.0,TV & image,historique
2025-11-16,18.2,-0.0,36.0,15.0,TV & image,historique
2025-11-17,19.3,0.6,36.9,7.0,TV & image,historique
2025-11-18,15.8,-2.0,34.2,14.0,TV & image,historique
2025-11-19,17.8,-0.8,35.3,11.0,TV & image,historique
2025-11-20,18.5,1.4,36.1,12.0,TV & image,historique
2025-11-21,17.4,-0.3,36.1,10.0,TV & image,historique
2025-11-22,18.6,1.3,37.4,11.0,TV & image,historique
2025-11-23,18.5,-0.8,36.4,9.0,TV & image,historique
2025-11-24,19.6,1.9,37.8,43.0,TV & image,historique
2025-11-25,16.1,-1.9,34.0,50.0,TV & image,historique
2025-11-26,18.1,1.0,35.6,37.0,TV & image,historique
2025-11-27,18.7,0.5,37.3,53.0,TV & image,historique
2025-11-28,17.7,-0.6,35.8,47.0,TV & image,historique
2025-11-29,18.9,1.2,37.4,44.0,TV & image,historique
2025-11-30,18.8,1.1,37.3,40.0,TV & image,historique
2025-12-01,19.8,1.3,38.6,8.0,TV & image,historique
2025-12-02,16.4,-0.5,34.7,14.0,TV & image,historique
2025-12-03,18.4,1.6,36.9,9.0,TV & image,historique
2025-12-04,19.0,1.3,38.4,17.0,TV & image,historique
2025-12-05,17.9,0.8,37.4,11.0,TV & image,historique
2025-12-06,19.2,1.6,36.8,12.0,TV & image,historique
2025-12-07,19.1,0.5,36.8,5.0,TV & image,historique
2025-12-08,20.1,1.3,38.0,13.0,TV & image,historique
2025-12-09,16.6,0.1,35.3,20.0,TV & image,historique
2025-12-10,18.7,0.5,36.8,16.0,TV & image,historique
2025-12-11,19.3,0.2,38.3,8.0,TV & image,historique
2025-12-12,18.2,0.7,36.3,7.0,TV & image,historique
2025-12-13,19.4,1.5,38.1,15.0,TV & image,historique
2025-12-14,19.3,1.4,38.4,16.0,TV & image,historique
2025-12-15,20.4,2.7,38.2,26.0,TV & image,historique
2025-12-16,16.9,-1.7,34.5,20.0,TV & image,historique
2025-12-17,19.0,1.4,37.8,28.0,TV & image,historique
2025-12-18,19.6,3.0,37.7,19.0,TV & image,historique
2025-12-19,18.5,0.6,36.8,23.0,TV & image,historique
2025-12-20,19.7,2.4,38.4,36.0,TV & image,historique
2025-12-21,19.6,0.9,36.1,38.0,TV & image,historique
2025-12-22,20.7,2.4,38.5,28.0,TV & image,historique
2025-12-23,17.2,-1.8,34.4,16.0,TV & image,historique
2025-12-24,19.2,0.6,37.5,27.0,TV & image,historique
2025-12-25,19.8,1.8,37.7,17.0,TV & image,historique
2025-12-26,18.8,1.2,36.5,19.0,TV & image,historique
2025-12-27,20.0,1.5,37.4,19.0,TV & image,historique
2025-12-28,19.9,0.1,38.1,19.0,TV & image,historique
2025-12-29,21.0,2.9,38.4,20.0,TV & image,historique
2025-12-30,17.5,-0.6,36.7,28.0,TV & image,historique
2025-12-31,19.5,1.2,37.5,36.0,TV & image,historique
2026-01-01,20.1,2.4,39.4,14.0,TV & image,historique
2026-01-02,19.1,0.8,36.0,18.0,TV & image,historique
2026-01-03,20.3,1.6,37.0,9.0,TV & image,historique
2026-01-04,20.2,1.9,39.3,9.0,TV & image,historique
2026-01-05,21.2,2.4,39.7,12.0,TV & image,historique
2026-01-06,17.8,-0.5,36.0,11.0,TV & image,historique
2026-01-07,19.8,2.2,37.4,19.0,TV & image,historique
2026-01-08,20.4,1.9,38.3,10.0,TV & image,historique
2026-01-09,19.3,2.3,38.1,9.0,TV & image,historique
2026-01-10,20.6,2.6,40.1,9.0,TV & image,historique
2026-01-11,20.5,2.6,39.3,5.0,TV & image,historique
2026-01-12,21.5,4.3,40.4,14.0,TV & image,historique
2026-01-13,18.0,-0.4,36.6,7.0,TV & image,historique
2026-01-14,20.1,2.0,37.9,16.0,TV & image,historique
2026-01-15,20.7,2.3,38.5,12.0,TV & image,historique
2026-01-16,19.6,1.9,38.2,15.0,TV & image,historique
2026-01-17,20.9,1.4,39.0,10.0,TV & image,historique
2026-01-18,20.8,2.1,38.6,28.0,TV & image,historique
2026-01-19,21.8,3.4,39.6,12.0,TV & image,historique
2026-01-20,18.4,1.7,37.3,10.0,TV & image,historique
2026-01-21,20.4,1.7,39.0,14.0,TV & image,historique
2026-01-22,21.0,2.6,40.8,11.0,TV & image,historique
2026-01-23,20.0,1.1,37.4,15.0,TV & image,historique
2026-01-24,21.2,3.7,41.1,6.0,TV & image,historique
2026-01-25,21.1,2.3,40.2,6.0,TV & image,historique
2026-01-26,22.2,5.0,40.2,14.0,TV & image,historique
2026-01-27,18.7,2.4,37.1,18.0,TV & image,historique
2026-01-28,20.8,2.5,39.3,10.0,TV & image,historique
2026-01-29,21.4,5.1,40.9,20.0,TV & image,historique
2026-01-30,20.4,3.8,38.3,22.0,TV & image,historique
2026-01-31,21.6,4.3,40.5,7.0,TV & image,historique
2026-02-01,21.5,2.7,40.1,16.0,TV & image,historique
2026-02-02,22.6,4.9,41.4,19.0,TV & image,historique
2026-02-03,19.2,1.7,38.0,15.0,TV & image,historique
2026-02-04,21.2,3.1,39.3,19.0,TV & image,historique
2026-02-05,21.9,3.3,39.7,13.0,TV & image,historique
2026-02-06,20.8,5.2,38.2,12.0,TV & image,historique
2026-02-07,22.0,3.8,40.8,10.0,TV & image,historique
2026-02-08,22.0,5.3,41.2,14.0,TV & image,historique
2026-02-09,23.1,4.1,40.7,10.0,TV & image,historique
2026-02-10,19.6,1.9,38.5,45.0,TV & image,historique
2026-02-11,21.7,4.4,40.8,42.0,TV & image,historique
2026-02-12,22.3,4.9,40.6,58.0,TV & image,historique
2026-02-13,21.3,4.1,38.4,38.0,TV & image,historique
2026-02-14,22.6,5.3,39.7,50.0,TV & image,historique
2026-02-15,22.5,3.5,40.8,45.0,TV & image,historique
2026-02-16,23.6,5.6,42.5,35.0,TV & image,historique
2026-02-17,20.1,1.7,38.4,6.0,TV & image,historique
2026-02-18,22.2,4.0,40.5,16.0,TV & image,historique
2026-02-19,22.9,5.9,41.4,9.0,TV & image,historique
2026-02-20,21.8,2.7,39.1,14.0,TV & image,historique
2026-02-21,23.1,5.0,42.4,17.0,TV & image,historique
2026-02-22,23.0,3.8,41.8,14.0,TV & image,historique
2026-02-23,24.1,6.0,42.8,12.0,TV & image,historique
2026-02-24,20.7,1.7,38.8,11.0,TV & image,historique
2026-02-25,22.8,4.5,41.1,20.0,TV & image,historique
2026-02-26,23.4,6.0,42.8,10.0,TV & image,historique
2026-02-27,22.4,3.3,40.0,15.0,TV & image,historique
2026-02-28,23.7,3.9,42.5,24.0,TV & image,historique
2026-03-01,23.6,4.8,42.6,15.0,TV & image,historique
2026-03-02,24.7,6.3,43.2,23.0,TV & image,historique
2026-03-03,21.3,1.7,39.4,12.0,TV & image,historique
2026-03-04,23.4,4.7,40.9,12.0,TV & image,historique
2026-03-05,24.1,6.3,42.1,19.0,TV & image,historique
2026-03-06,23.1,5.0,42.3,13.0,TV & image,historique
2026-03-07,24.4,5.4,43.2,12.0,TV & image,historique
2026-03-08,24.3,5.2,42.7,17.0,TV & image,historique
2026-03-09,25.4,8.1,43.7,17.0,TV & image,historique
2026-03-10,22.0,3.6,40.2,17.0,TV & image,historique
2026-03-11,24.1,5.1,42.6,16.0,TV & image,historique
2026-03-12,24.8,8.9,44.2,23.0,TV & image,historique
2026-03-13,23.8,4.6,42.1,18.0,TV & image,historique
2026-03-14,25.0,7.4,42.6,4.0,TV & image,historique
2026-03-15,25.0,6.5,42.6,15.0,TV & image,historique
2026-03-16,26.1,8.5,44.5,11.0,TV & image,historique
2026-03-17,22.7,3.0,42.4,17.0,TV & image,historique
2026-03-18,24.8,6.9,42.4,30.0,TV & image,historique
2026-03-19,25.5,5.8,43.7,47.0,TV & image,historique
2026-03-20,24.5,6.0,42.5,57.0,TV & image,historique
2026-03-21,25.8,7.9,45.0,43.0,TV & image,historique
2026-03-22,25.7,8.0,43.4,50.0,TV & image,historique
2026-03-23,26.9,8.1,43.6,33.0,TV & image,historique
2026-03-24,23.5,4.9,41.1,52.0,TV & image,historique
2026-03-25,25.6,7.3,44.9,51.0,TV & image,historique
2026-03-26,26.2,8.6,45.5,13.0,TV & image,historique
2026-03-27,25.2,7.6,44.2,11.0,TV & image,historique
2026-03-28,26.5,8.0,45.4,32.0,TV & image,historique
2026-03-29,26.5,7.8,44.6,20.0,TV & image,historique
2026-03-30,27.6,10.5,46.3,35.0,TV & image,historique
2026-03-31,24.2,5.9,42.2,17.0,TV & image,historique
2026-04-01,26.3,8.7,44.8,57.0,TV & image,historique
2026-04-02,27.0,9.2,46.0,54.0,TV & image,historique
2026-04-03,26.0,7.0,44.0,64.0,TV & image,historique
2026-04-04,27.3,9.4,44.3,47.0,TV & image,historique
2026-04-05,27.3,8.3,45.0,48.0,TV & image,historique
2026-04-06,28.4,10.6,46.5,54.0,TV & image,historique
2026-04-07,25.0,7.4,43.8,42.0,TV & image,historique
2026-04-08,27.1,7.9,45.8,16.0,TV & image,historique
2026-04-09,27.8,10.2,46.5,18.0,TV & image,historique
2026-04-10,26.8,8.8,44.0,30.0,TV & image,historique
2026-04-11,28.1,9.7,45.0,12.0,TV & image,historique
2026-04-12,28.1,9.5,46.5,18.0,TV & image,historique
2026-04-13,29.2,11.6,47.9,22.0,TV & image,historique
2026-04-14,25.8,8.1,42.9,15.0,TV & image,historique
2026-04-15,28.0,8.7,46.8,22.0,TV & image,historique
2026-04-16,28.6,10.1,46.1,23.0,TV & image,historique
2026-04-17,27.7,9.9,45.5,14.0,TV & image,historique
2026-04-18,29.0,9.5,47.4,21.0,TV & image,historique
2026-04-19,28.9,11.0,47.9,18.0,TV & image,historique
2026-04-20,30.1,12.2,48.1,21.0,TV & image,historique
2026-04-21,26.7,8.0,46.7,19.0,TV & image,historique
2026-04-22,28.8,9.9,46.8,23.0,TV & image,historique
2026-04-23,29.5,11.7,47.6,21.0,TV & image,historique
2026-04-24,28.5,10.5,47.8,14.0,TV & image,historique
2026-04-25,29.8,13.0,49.3,21.0,TV & image,historique
2026-04-26,29.8,10.8,47.4,34.0,TV & image,historique
2026-04-27,30.9,12.1,49.9,19.0,TV & image,historique
2026-04-28,27.6,9.0,45.4,16.0,TV & image,historique
2026-04-29,29.7,11.4,49.2,15.0,TV & image,historique
2026-04-30,30.4,12.3,48.9,17.0,TV & image,historique
2026-05-01,29.4,11.1,47.5,12.0,TV & image,historique
2026-05-02,30.7,12.8,49.3,27.0,TV & image,historique
2026-05-03,30.7,13.2,49.1,20.0,TV & image,historique
2026-05-04,31.8,15.1,51.1,9.0,TV & image,historique
2026-05-05,28.4,9.7,45.4,16.0,TV & image,historique
2026-05-06,30.5,12.3,49.1,16.0,TV & image,historique
2026-05-07,31.2,11.8,49.2,25.0,TV & image,historique
2026-05-08,30.3,11.9,48.9,30.0,TV & image,historique
2026-05-09,31.6,13.8,50.2,18.0,TV & image,historique
2026-05-10,31.6,13.0,48.5,31.0,TV & image,historique
2026-05-11,32.7,13.9,50.4,20.0,TV & image,historique
2026-05-12,29.3,10.6,47.8,21.0,TV & image,historique
2026-05-13,31.4,13.1,49.6,15.0,TV & image,historique
2026-05-14,32.1,14.4,50.4,23.0,TV & image,historique
2026-05-15,31.1,12.4,48.9,23.0,TV & image,historique
2026-05-16,32.4,14.7,51.6,34.0,TV & image,historique
2026-05-17,32.4,15.0,51.6,15.0,TV & image,historique
2026-05-18,33.6,15.2,51.0,21.0,TV & image,historique
2026-05-19,30.2,12.4,48.8,27.0,TV & image,historique
2026-05-20,32.3,14.8,51.2,26.0,TV & image,historique
2026-05-21,33.0,14.4,50.7,23.0,TV & image,historique
2026-05-22,32.0,12.6,49.1,12.0,TV & image,historique
2026-05-23,33.3,14.8,52.5,31.0,TV & image,historique
2026-05-24,33.3,15.2,51.0,16.0,TV & image,historique
2026-05-25,34.4,17.7,52.7,48.0,TV & image,historique
2026-05-26,31.0,13.3,49.9,53.0,TV & image,historique
2026-05-27,33.2,15.7,49.1,47.0,TV & image,historique
2026-05-28,33.9,16.1,51.8,47.0,TV & image,historique
2026-05-29,32.9,15.3,50.9,50.0,TV & image,historique
2026-05-30,34.2,15.8,53.1,37.0,TV & image,historique
2026-05-31,34.2,15.3,52.1,42.0,TV & image,historique
2026-06-01,35.3,17.0,54.9,53.0,TV & image,historique
2026-06-02,31.9,14.1,50.2,39.0,TV & image,historique
2026-06-03,34.0,16.4,51.8,36.0,TV & image,historique
2026-06-04,34.7,17.4,53.5,27.0,TV & image,historique
2026-06-05,33.8,15.1,51.6,47.0,TV & image,historique
2026-06-06,35.1,17.7,53.5,18.0,TV & image,historique
2026-06-07,35.0,16.6,52.5,24.0,TV & image,historique
2026-06-08,36.2,17.2,53.6,24.0,TV & image,historique
2026-06-09,32.8,15.1,50.7,26.0,TV & image,historique
2026-06-10,34.9,18.2,54.0,22.0,TV & image,historique
2026-06-11,35.6,16.0,53.6,30.0,TV & image,historique
2026-06-12,34.6,16.5,52.2,15.0,TV & image,historique
2026-06-13,35.9,18.5,54.3,31.0,TV & image,historique
2026-06-14,35.9,19.5,54.9,16.0,TV & image,historique
2026-06-15,37.1,18.2,55.7,26.0,TV & image,historique
2026-06-16,33.7,15.5,52.1,27.0,TV & image,historique
2026-06-17,35.8,16.0,53.9,41.0,TV & image,historique
2026-06-18,36.5,17.6,54.8,52.0,TV & image,historique
2026-06-19,35.5,17.6,53.4,28.0,TV & image,historique
2026-06-20,36.8,18.2,54.1,125.0,TV & image,historique
2026-06-21,36.8,18.6,56.1,114.0,TV & image,historique
2026-06-22,37.9,19.6,56.1,156.0,TV & image,historique
2026-06-23,34.5,16.3,53.0,31.0,TV & image,historique
2026-06-24,36.7,17.0,55.2,44.0,TV & image,historique
2026-06-25,37.4,19.7,55.5,35.0,TV & image,historique
2026-06-26,36.4,16.9,53.8,36.0,TV & image,historique
2026-06-27,37.7,19.4,55.0,36.0,TV & image,historique
2026-06-28,37.7,20.8,54.8,42.0,TV & image,historique
2026-06-29,38.8,21.7,56.6,46.0,TV & image,historique
2026-06-30,35.4,17.7,52.9,22.0,TV & image,historique
2026-07-01,37.5,19.2,55.2,,TV & image,prevision
2026-07-02,38.2,19.8,56.6,,TV & image,prevision
2026-07-03,37.2,20.3,55.5,,TV & image,prevision
2026-07-04,38.6,21.2,56.5,,TV & image,prevision
2026-07-05,38.5,20.5,56.4,,TV & image,prevision
2026-07-06,39.7,20.4,57.5,,TV & image,prevision
2026-07-07,36.3,17.4,54.4,,TV & image,prevision
2026-07-08,38.4,20.3,57.0,,TV & image,prevision
2026-07-09,39.1,21.1,55.5,,TV & image,prevision
2026-07-10,38.1,20.3,56.9,,TV & image,prevision
2026-07-11,39.4,21.5,57.1,,TV & image,prevision
2026-07-12,39.4,20.9,57.9,,TV & image,prevision
2026-07-13,40.5,22.0,59.7,,TV & image,prevision
2026-07-14,37.2,18.1,54.1,,TV & image,prevision
2026-07-15,39.3,21.6,57.4,,TV & image,prevision
2026-07-16,40.0,22.5,59.0,,TV & image,prevision
2026-07-17,39.0,22.1,57.0,,TV & image,prevision
2026-07-18,40.3,22.1,58.3,,TV & image,prevision
2026-07-19,40.3,20.8,59.1,,TV & image,prevision
2026-07-20,41.4,23.1,59.3,,TV & image,prevision
2026-07-21,38.0,20.8,55.3,,TV & image,prevision
2026-07-22,40.1,21.8,57.3,,TV & image,prevision
2026-07-23,40.8,22.6,58.7,,TV & image,prevision
2026-07-24,39.9,21.2,58.1,,TV & image,prevision
2026-07-25,41.2,22.4,57.2,,TV & image,prevision
2026-07-26,41.2,21.6,58.6,,TV & image,prevision
2026-07-27,42.3,25.3,60.3,,TV & image,prevision
2026-07-28,38.9,21.1,57.0,,TV & image,prevision
2026-07-29,41.0,23.4,58.2,,TV & image,prevision
2026-07-30,41.7,23.0,61.1,,TV & image,prevision
